mode,trades,winrate,total_pnl,profit_factor,score,max_dd,tpd,proj_month,cfg__symbol,cfg__market_symbol,cfg__days,cfg__poll_seconds,cfg__status_heartbeat_seconds,cfg__tf_signal,cfg__tf_confirm,cfg__tf_entry,cfg__tf_trend,cfg__live_chart_tf,cfg__mode,cfg__signal_engine,cfg__use_1h_trend_filter,cfg__feature_prob__ret_1_weight,cfg__feature_prob__ret_3_weight,cfg__feature_prob__ret_12_weight,cfg__feature_prob__range_pos_weight,cfg__feature_prob__vol_ratio_weight,cfg__feature_prob__realized_vol_weight,cfg__feature_prob__slope_weight,cfg__feature_prob__trend_weight,cfg__feature_prob__breakout_weight,cfg__feature_prob__long_threshold,cfg__feature_prob__short_threshold,cfg__feature_prob__persistence_bars,cfg__risk_engine__sl_vol_mult,cfg__risk_engine__tp_vol_mult,cfg__risk_engine__breakeven_R,cfg__risk_engine__trail_start_R,cfg__risk_engine__trail_vol_mult,cfg__risk_engine__risk_per_trade_pct,cfg__risk_engine__max_hold_minutes,cfg__risk_engine__cooldown_minutes,cfg__execution__fees_enabled,cfg__execution__fee_rate_roundtrip,cfg__execution__slippage_roundtrip_pct,cfg__execution__label_exits,cfg__legacy__ema_fast_trend,cfg__legacy__ema_slow_trend,cfg__legacy__ema_fast_signal,cfg__legacy__ema_slow_signal,cfg__legacy__donchian_window_signal,cfg__legacy__rsi_len_signal,cfg__legacy__rsi_long,cfg__legacy__rsi_short,cfg__legacy__atr_len_signal,cfg__legacy__atr_ma_window_signal,cfg__legacy__atr_min_mult,cfg__legacy__breakout_buffer_atr,cfg__legacy__sl_atr_mult,cfg__legacy__tp_atr_mult,cfg__legacy__breakeven_R,cfg__legacy__trail_start_R,cfg__legacy__trail_atr_mult
feature_prob,1,0.0,-0.36313010786489397,0.0,-3682.679609279475,0.0,1440.0,-15687.22065976342,BTC/USDT:USDT,BTCUSDT,60,10,60,5m,5m,3m,15m,5m,feature_prob,feature_prob,True,0.1756408821072696,0.2719666876032598,0.06695103811511902,0.1170420185276122,0.02685336047075618,0.07028673420482878,0.16149948066894143,0.048226150601997725,0.06573265965792915,0.6534780431781094,0.6335388813146112,2,1.5636553786825511,2.540581903745717,2.2778105453479878,3.2764221013893016,0.8193186327537803,0.4803529583381523,344,94,True,0.001,0.0001,True,50,200,50,200,96,14,58.0,42.0,14,96,1.25,0.55,1.1,3.2,1.0,1.5,1.0
feature_prob,1,0.0,-0.23398014010811846,0.0,-3013.0370264605945,0.0,1440.0,-10107.942052670718,BTC/USDT:USDT,BTCUSDT,60,10,60,30m,1m,1m,1h,5m,feature_prob,feature_prob,False,0.21492370425991575,0.1969687681553917,0.2902097647150578,0.18783831093957812,0.14333246103458117,0.24381662571525525,0.12598962561833896,0.2111325956947004,0.21076307277818881,0.6475187529492068,0.6937243110590476,2,1.9977721215653699,1.587879972988215,1.1874270686076298,1.8681638908063216,0.659583953847255,0.3095117977249272,163,209,True,0.001,0.0001,True,50,200,50,200,96,14,58.0,42.0,14,96,1.25,0.55,1.1,3.2,1.0,1.5,1.0
legacy_classic,2,0.0,-0.2409334637605892,0.0,-13.169644007844102,-0.13384485159943144,6.075949367088608,-21.95849289969927,BTC/USDT:USDT,BTCUSDT,60,10,60,30m,1m,15m,1h,1h,legacy_classic,legacy_classic,False,0.1,0.12,0.14,0.1,0.08,0.08,0.12,0.16,0.1,0.58,0.58,2,1.2,2.8,1.0,1.5,1.0,0.2607866924771183,138,325,True,0.001,0.0001,True,53,164,41,81,49,28,72.11971125322772,43.77194498979024,27,107,0.7561730430342269,0.5195504630687392,2.0250540070888574,5.7921716738448605,2.689632350945485,1.774539487779036,1.4512308374056264
legacy_classic,2,0.0,-0.4696210391096264,0.0,-14.462846740138204,-0.27410208611795484,4.260355029585799,-30.011285339550092,BTC/USDT:USDT,BTCUSDT,60,10,60,30m,3m,3m,1h,5m,legacy_classic,legacy_classic,True,0.1,0.12,0.14,0.1,0.08,0.08,0.12,0.16,0.1,0.58,0.58,2,1.2,2.8,1.0,1.5,1.0,0.789250986376289,161,342,True,0.001,0.0001,True,58,182,43,73,48,18,71.9680469455796,45.791638234029485,16,81,0.6810952330918625,0.8963081593234344,3.3567635023045845,1.8854405343054546,1.7149761582915344,1.0560863183330194,1.9972645470401864
legacy_classic,5,0.0,-1.828516826211899,0.0,-29.016607451579134,-1.504213318213976,10.572687224669604,-115.99401893150372,BTC/USDT:USDT,BTCUSDT,60,10,60,30m,3m,5m,4h,1h,legacy_classic,legacy_classic,False,0.1,0.12,0.14,0.1,0.08,0.08,0.12,0.16,0.1,0.58,0.58,2,1.2,2.8,1.0,1.5,1.0,0.667992661543089,264,39,True,0.001,0.0001,True,33,238,35,222,99,19,74.87873391652236,41.24695144098634,21,135,0.7694058742155719,0.3409927364768237,1.7128310177981296,4.14738923305755,1.0752868314914426,1.61480432247077,0.5490854806189683
feature_prob,1,0.0,-0.5710502184953399,0.0,-4760.745382898336,0.0,1440.0,-24669.36943899868,BTC/USDT:USDT,BTCUSDT,60,10,60,30m,1m,3m,1h,1h,feature_prob,feature_prob,False,0.06927446569520088,0.07440108066850651,0.330009414580008,0.15133991146481543,0.12871433605171265,0.20046246758687328,0.24609915937466012,0.09902707345218209,0.042294087272629365,0.6118997246572118,0.6104799383737849,4,2.2685224722283257,1.622101867651899,1.9108743300518458,2.938539253884953,0.6212253481540273,0.7553922295970644,171,142,True,0.001,0.0001,True,50,200,50,200,96,14,58.0,42.0,14,96,1.25,0.55,1.1,3.2,1.0,1.5,1.0
legacy_classic,2,0.0,-0.32278747657198503,0.0,-14.178541961948548,-0.17931690029934028,6.075949367088608,-29.418605459725217,BTC/USDT:USDT,BTCUSDT,60,10,60,30m,1m,1m,1h,1h,legacy_classic,legacy_classic,False,0.1,0.12,0.14,0.1,0.08,0.08,0.12,0.16,0.1,0.58,0.58,2,1.2,2.8,1.0,1.5,1.0,0.3493855817052046,111,295,True,0.001,0.0001,True,53,174,47,62,35,28,73.63696941086654,43.36071792455631,27,107,0.821499680730984,0.48263292188971935,2.0250540070888574,5.8327382877452525,2.689632350945485,1.841080808384076,1.6094803673170868
legacy_classic,2,0.0,-0.2883504416755168,0.0,-13.760751447885628,-0.1601841929673947,6.088794926004228,-26.335600592774473,BTC/USDT:USDT,BTCUSDT,60,10,60,5m,1m,1m,1h,1h,legacy_classic,legacy_classic,False,0.1,0.12,0.14,0.1,0.08,0.08,0.12,0.16,0.1,0.58,0.58,2,1.2,2.8,1.0,1.5,1.0,0.31211583952074207,138,277,True,0.001,0.0001,True,63,169,41,81,65,28,72.11971125322772,41.26878957372695,28,107,0.7561730430342269,0.41800374706717014,2.0250540070888574,5.7921716738448605,3.0,1.774539487779036,1.6836760901883012
feature_prob,1,0.0,-0.7185795554816651,0.0,-5525.6849951724325,0.0,1440.0,-31042.636796807932,BTC/USDT:USDT,BTCUSDT,60,10,60,15m,5m,5m,4h,5m,feature_prob,feature_prob,False,0.06682738183531417,0.20490186931012075,0.12183500950542692,0.1323623259943566,0.22822739294824435,0.21460385405781676,0.04584357095956536,0.1713084894947552,0.08363645151361788,0.5306736809266787,0.6765126523737292,3,1.0746893596656064,3.2115255986294873,1.9996346594919843,2.6827205943242394,0.72374776117867,0.9505458451419752,212,294,True,0.001,0.0001,True,50,200,50,200,96,14,58.0,42.0,14,96,1.25,0.55,1.1,3.2,1.0,1.5,1.0
feature_prob,1,0.0,-0.35610871162690116,0.0,-3646.2736697854825,0.0,1440.0,-15383.89634228213,BTC/USDT:USDT,BTCUSDT,60,10,60,30m,3m,15m,1h,5m,feature_prob,feature_prob,False,0.1038698485252689,0.2826028827353701,0.3413808421553507,0.02917582196558018,0.10229612341759803,0.1768753383114326,0.206741354977952,0.14964037673053168,0.14877320940309002,0.6961954174728073,0.7150290343010849,2,2.373798498368246,2.3706230621403703,1.0762530040707456,3.39966108972069,0.8541047406407625,0.47106496931841757,243,185,True,0.001,0.0001,True,50,200,50,200,96,14,58.0,42.0,14,96,1.25,0.55,1.1,3.2,1.0,1.5,1.0
legacy_classic,4,0.0,-1.1097516232482403,0.0,-20.84319163379036,-0.883056473162205,8.767123287671232,-72.9699697478295,BTC/USDT:USDT,BTCUSDT,60,10,60,30m,3m,5m,1h,1h,legacy_classic,legacy_classic,True,0.1,0.12,0.14,0.1,0.08,0.08,0.12,0.16,0.1,0.58,0.58,2,1.2,2.8,1.0,1.5,1.0,0.4597105459240548,579,174,True,0.001,0.0001,True,44,109,70,96,71,21,58.741460611147964,45.513409524289045,14,77,0.6331302085820321,0.3141603200785523,1.6863072682338078,5.389588239136288,2.917222760120903,1.8327624730709242,1.7471116510760183
legacy_classic,2,0.0,-0.25698484800506816,0.0,-13.40244409381707,-0.1498962358439104,6.140724946695096,-23.671099006010543,BTC/USDT:USDT,BTCUSDT,60,10,60,30m,5m,15m,1h,1h,legacy_classic,legacy_classic,False,0.1,0.12,0.14,0.1,0.08,0.08,0.12,0.16,0.1,0.58,0.58,2,1.2,2.8,1.0,1.5,1.0,0.2607866924771183,103,335,True,0.001,0.0001,True,63,209,33,40,49,28,74.48117238457368,49.5538756089057,30,120,0.7561730430342269,0.36811866171299407,2.0250540070888574,6.0,2.789511103630387,2.4883989402515097,1.0993742777683126
legacy_classic,2,0.0,-0.26399881397654773,0.0,-13.453937762595041,-0.1466582579588384,6.075949367088608,-24.060651400394224,BTC/USDT:USDT,BTCUSDT,60,10,60,30m,1m,15m,1h,1h,legacy_classic,legacy_classic,False,0.1,0.12,0.14,0.1,0.08,0.08,0.12,0.16,0.1,0.58,0.58,2,1.2,2.8,1.0,1.5,1.0,0.28575265735289546,138,273,True,0.001,0.0001,True,53,155,36,40,48,30,71.08610347208666,40.08052553017106,27,91,0.8831026309936383,0.5195504630687392,2.0250540070888574,5.7921716738448605,2.689632350945485,2.3182682878093037,1.4512308374056264
legacy_classic,2,0.0,-0.25613525158927253,0.0,-13.35701481731715,-0.14228984302659986,6.075949367088608,-23.343972296743825,BTC/USDT:USDT,BTCUSDT,60,10,60,30m,15m,15m,1h,1h,legacy_classic,legacy_classic,False,0.1,0.12,0.14,0.1,0.08,0.08,0.12,0.16,0.1,0.58,0.58,2,1.2,2.8,1.0,1.5,1.0,0.2607866924771183,30,325,True,0.001,0.0001,True,52,164,55,57,24,28,69.95080588866804,43.77194498979024,23,92,0.7561730430342269,0.4780410063381303,1.9048657816635088,5.602249409849505,2.689632350945485,2.1568821291630873,1.4512308374056264
legacy_classic,2,0.0,-0.26647008498265573,0.0,-12.799408237454301,-0.15498889379987413,4.63768115942029,-18.53704939009779,BTC/USDT:USDT,BTCUSDT,60,10,60,30m,1m,3m,1h,1h,legacy_classic,legacy_classic,False,0.1,0.12,0.14,0.1,0.08,0.08,0.12,0.16,0.1,0.58,0.58,2,1.2,2.8,1.0,1.5,1.0,0.293705843237795,138,325,True,0.001,0.0001,True,53,164,41,81,49,28,73.11242680864666,43.33717615705549,27,107,0.6578330068697626,0.5736432493790691,2.190813762172231,5.7921716738448605,2.4350011819073565,1.810070347555667,1.4512308374056264
legacy_classic,2,0.0,-0.27891542146198045,0.0,-12.920812147256608,-0.16222756351404974,4.63768115942029,-19.402811927789944,BTC/USDT:USDT,BTCUSDT,60,10,60,30m,1m,15m,1h,1h,legacy_classic,legacy_classic,False,0.1,0.12,0.14,0.1,0.08,0.08,0.12,0.16,0.1,0.58,0.58,2,1.2,2.8,1.0,1.5,1.0,0.3100759904149457,225,325,True,0.001,0.0001,True,61,164,41,81,44,24,72.11971125322772,47.55827769269215,26,127,0.7561730430342269,0.5817663348097043,2.2097184718374763,5.7921716738448605,2.689632350945485,1.144250440081425,1.5771349657632194
feature_prob,1,0.0,-0.304470233872108,0.0,-3378.5281626268797,0.0,1440.0,-13153.114103275064,BTC/USDT:USDT,BTCUSDT,60,10,60,1h,5m,15m,4h,5m,feature_prob,feature_prob,False,0.06051150104979365,0.1756541542040048,0.24164179834518984,0.16165984143231674,0.23151206108763642,0.19816753358546216,0.15016465605766216,0.2959777255104342,0.15626916238465138,0.5912378707664124,0.5766440821278013,1,1.2741780236271993,3.248288200794459,2.0758096791059106,2.7095489340349665,1.8363769408909871,0.40275695790223776,566,181,True,0.001,0.0001,True,50,200,50,200,96,14,58.0,42.0,14,96,1.25,0.55,1.1,3.2,1.0,1.5,1.0
feature_prob,1,0.0,-0.5273341055236228,0.0,-4534.077337139984,0.0,1440.0,-22780.833358620504,BTC/USDT:USDT,BTCUSDT,60,10,60,1h,3m,5m,1h,15m,feature_prob,feature_prob,False,0.22247359534439184,0.22230777508637242,0.12564325848441732,0.022334756320895738,0.23805439288871716,0.03969098125034489,0.22162090594917438,0.19145913252312408,0.1943778703009673,0.6612157744948394,0.6527215509507809,4,1.5618967342971704,1.4706973633283278,1.3002004882448455,2.2132033860337845,0.9866103277535143,0.6975640194371344,437,257,True,0.001,0.0001,True,50,200,50,200,96,14,58.0,42.0,14,96,1.25,0.55,1.1,3.2,1.0,1.5,1.0
legacy_classic,3,0.0,-1.6641973789804845,0.0,-25.263202230345392,-1.2075032569159108,6.486486486486486,-107.94793809603142,BTC/USDT:USDT,BTCUSDT,60,10,60,15m,5m,5m,4h,15m,legacy_classic,legacy_classic,False,0.1,0.12,0.14,0.1,0.08,0.08,0.12,0.16,0.1,0.58,0.58,2,1.2,2.8,1.0,1.5,1.0,0.8493655269943611,333,121,True,0.001,0.0001,True,39,164,39,70,69,17,52.98886853137632,38.39659913459374,29,67,0.8681573622147626,0.7778139554826081,1.546548992815461,4.153141076823559,2.4005197384327066,3.008125739895517,2.4590723239712773
legacy_classic,2,0.0,-0.3307441742788732,0.0,-13.426400183594657,-0.1923730902310175,4.63768115942029,-23.008290384617265,BTC/USDT:USDT,BTCUSDT,60,10,60,30m,1m,15m,1h,5m,legacy_classic,legacy_classic,False,0.1,0.12,0.14,0.1,0.08,0.08,0.12,0.16,0.1,0.58,0.58,2,1.2,2.8,1.0,1.5,1.0,0.3407185364842692,138,313,True,0.001,0.0001,True,57,170,29,103,29,25,73.84399714807383,46.649365013732016,27,98,0.8931240878363758,0.6109679879816943,2.04759892244733,5.696823491584656,2.689632350945485,1.774539487779036,1.5452480178087404
legacy_classic,2,0.0,-0.2443525862734918,0.0,-13.211786666335973,-0.13574426373669465,6.075949367088608,-22.270109128723302,BTC/USDT:USDT,BTCUSDT,60,10,60,30m,1m,15m,1h,1h,legacy_classic,legacy_classic,False,0.1,0.12,0.14,0.1,0.08,0.08,0.12,0.16,0.1,0.58,0.58,2,1.2,2.8,1.0,1.5,1.0,0.2607866924771183,30,351,True,0.001,0.0001,True,50,164,41,71,61,26,72.11971125322772,43.77194498979024,25,107,0.9083654897389813,0.5195504630687392,1.9967182818523275,5.645083671443886,2.7231441575664372,1.8961548139686006,1.4512308374056264
legacy_classic,2,0.0,-0.2960879541508292,0.0,-13.856299623880815,-0.16448252933973087,6.088794926004228,-27.04228249326812,BTC/USDT:USDT,BTCUSDT,60,10,60,30m,1m,15m,1h,1h,legacy_classic,legacy_classic,False,0.1,0.12,0.14,0.1,0.08,0.08,0.12,0.16,0.1,0.58,0.58,2,1.2,2.8,1.0,1.5,1.0,0.32049106581830383,177,325,True,0.001,0.0001,True,53,184,53,81,66,30,67.53283289479603,43.71066971698766,27,142,0.6,0.34294993417673547,2.0250540070888574,5.7921716738448605,2.689632350945485,2.513827352901763,0.9448134936711254
legacy_classic,2,0.0,-0.2948094334725622,0.0,-13.075857790557217,-0.17147211094503934,4.63768115942029,-20.508482328526068,BTC/USDT:USDT,BTCUSDT,60,10,60,30m,1m,3m,1h,1h,legacy_classic,legacy_classic,False,0.1,0.12,0.14,0.1,0.08,0.08,0.12,0.16,0.1,0.58,0.58,2,1.2,2.8,1.0,1.5,1.0,0.32494174067663684,138,347,True,0.001,0.0001,True,53,149,37,103,57,29,73.11242680864666,43.615284465748125,29,121,0.6,0.5736432493790691,2.190813762172231,6.0,2.165147428001352,1.810070347555667,1.4512308374056264
legacy_classic,2,0.0,-0.24316818045833266,0.0,-12.572098809557952,-0.14143564107399986,4.63768115942029,-16.916047336231838,BTC/USDT:USDT,BTCUSDT,60,10,60,30m,1m,3m,1h,1h,legacy_classic,legacy_classic,False,0.1,0.12,0.14,0.1,0.08,0.08,0.12,0.16,0.1,0.58,0.58,2,1.2,2.8,1.0,1.5,1.0,0.23244539917744914,138,308,True,0.001,0.0001,True,49,140,50,60,49,29,73.11242680864666,41.05412442262211,27,107,0.7589818304534042,0.6005309931478716,1.900008498155234,5.9935295023047495,2.726371131355783,2.1779621304027597,1.4733357151611914
feature_prob,1,0.0,-0.24839473871486956,0.0,-3087.7767202365985,0.0,1440.0,-10730.652712482364,BTC/USDT:USDT,BTCUSDT,60,10,60,1h,1m,1m,1h,5m,feature_prob,feature_prob,False,0.22778753427161177,0.051957651856075315,0.28680447420028565,0.08747458847199803,0.10621345064832242,0.053481053010861646,0.1687265690816528,0.21543769919394043,0.20227947899261925,0.5622968933229385,0.545003986625399,4,1.8535076265136061,2.3874021466108832,2.3518093272400433,1.429353160385529,1.422299826709995,0.32857960547218806,321,356,True,0.001,0.0001,True,50,200,50,200,96,14,58.0,42.0,14,96,1.25,0.55,1.1,3.2,1.0,1.5,1.0
feature_prob,1,0.0,-0.46063688256629975,0.0,-4188.252236106264,0.0,1440.0,-19899.51332686415,BTC/USDT:USDT,BTCUSDT,60,10,60,1h,5m,3m,1h,15m,feature_prob,feature_prob,False,0.24715988990024843,0.11778010477218079,0.338229012575267,0.17877210786582967,0.1250722369135909,0.08948798422381214,0.29982459834005015,0.3045339921846576,0.044530251507143015,0.6024592165549495,0.5982022399396767,3,2.487576474165726,2.6104460909214042,2.4625056237806664,2.974689447786042,1.0489607603564555,0.6093361152601291,110,325,True,0.001,0.0001,True,50,200,50,200,96,14,58.0,42.0,14,96,1.25,0.55,1.1,3.2,1.0,1.5,1.0
legacy_classic,1,0.0,-0.466619250745521,0.0,-4220.020815115526,0.0,1440.0,-20157.951632206506,BTC/USDT:USDT,BTCUSDT,60,10,60,15m,3m,5m,15m,1h,legacy_classic,legacy_classic,True,0.1,0.12,0.14,0.1,0.08,0.08,0.12,0.16,0.1,0.58,0.58,2,1.2,2.8,1.0,1.5,1.0,0.585466983085979,404,276,True,0.001,0.0001,True,59,164,27,200,44,27,66.15851522226308,32.7233220988159,21,28,1.4114033275157638,0.7725058027483526,1.0433601145147913,2.827997032331199,2.3687021623459286,1.4498682606439346,0.6775355752682455
legacy_classic,3,0.0,-0.9000859696049299,0.0,-18.663986977350007,-0.6430569573906992,6.956521739130435,-62.6146761464299,BTC/USDT:USDT,BTCUSDT,60,10,60,5m,3m,3m,4h,5m,legacy_classic,legacy_classic,True,0.1,0.12,0.14,0.1,0.08,0.08,0.12,0.16,0.1,0.58,0.58,2,1.2,2.8,1.0,1.5,1.0,0.47731653864257695,46,128,True,0.001,0.0001,True,73,100,12,116,138,28,67.9773493752713,35.60320074333504,19,78,0.9465168539052857,0.4442357747394827,1.5442542650468438,5.718346625107801,2.312559864772296,1.2175251634359663,2.0999041854323086
legacy_classic,2,0.0,-0.12299688725656874,0.0,-11.32919880999485,-0.07179442906057304,4.31784107946027,-7.966215186632339,BTC/USDT:USDT,BTCUSDT,60,10,60,5m,3m,5m,15m,15m,legacy_classic,legacy_classic,True,0.1,0.12,0.14,0.1,0.08,0.08,0.12,0.16,0.1,0.58,0.58,2,1.2,2.8,1.0,1.5,1.0,0.1304413814482215,106,347,True,0.001,0.0001,True,51,240,53,105,145,30,66.04236135996769,37.264889564519564,12,110,0.8369719952042544,0.7622665011477796,2.118454067386158,5.626047253624651,1.855342138378388,3.1746950137747563,0.5233373083195333
legacy_classic,4,0.0,-1.0426375334500846,0.0,-21.318086294806182,-0.8249843740439323,9.27536231884058,-72.5313066747885,BTC/USDT:USDT,BTCUSDT,60,10,60,5m,3m,1m,1h,15m,legacy_classic,legacy_classic,True,0.1,0.12,0.14,0.1,0.08,0.08,0.12,0.16,0.1,0.58,0.58,2,1.2,2.8,1.0,1.5,1.0,0.7333917244081335,436,127,True,0.001,0.0001,True,75,118,34,245,75,22,55.222227213806256,47.67582068833789,16,23,0.8965308808686112,0.31152014298562636,2.801983048146618,4.860956523553089,2.385826857367919,4.183432798069677,1.8608151999804616
legacy_classic,2,0.0,-0.11704068412149485,0.0,-11.293950616019908,-0.0702494298290362,4.4036697247706424,-7.731127758484065,BTC/USDT:USDT,BTCUSDT,60,10,60,5m,3m,3m,15m,15m,legacy_classic,legacy_classic,True,0.1,0.12,0.14,0.1,0.08,0.08,0.12,0.16,0.1,0.58,0.58,2,1.2,2.8,1.0,1.5,1.0,0.1304413814482215,70,347,True,0.001,0.0001,True,51,240,49,98,145,30,64.03561656434765,39.0161653884985,12,110,0.8369719952042544,0.7622665011477796,2.3187885398830126,5.324610988627273,1.7027446899752894,3.453433309925866,0.5233373083195333
legacy_classic,2,0.0,-0.12240159371786394,0.0,-11.34405772535026,-0.07346712156876496,4.4036697247706424,-8.085242887785508,BTC/USDT:USDT,BTCUSDT,60,10,60,5m,3m,5m,1h,1h,legacy_classic,legacy_classic,True,0.1,0.12,0.14,0.1,0.08,0.08,0.12,0.16,0.1,0.58,0.58,2,1.2,2.8,1.0,1.5,1.0,0.1,93,339,True,0.001,0.0001,True,59,248,53,105,150,30,67.98887635670815,41.09201312939431,9,110,0.8369719952042544,0.7622665011477796,1.6997910367997495,5.9019203488759455,2.0830592524088036,3.1746950137747563,0.48216457508793964
feature_prob,1,0.0,-0.11206408636681649,0.0,-2380.9022878119436,0.0,1440.0,-4841.168531046472,BTC/USDT:USDT,BTCUSDT,60,10,60,1h,3m,3m,1h,5m,feature_prob,feature_prob,True,0.08782898101670994,0.12286639606873095,0.3350152607445774,0.037066092406331644,0.05912419672477387,0.10635531333839918,0.22495582387596869,0.20958434016979174,0.2265685598175939,0.5476898902223305,0.6428658033698981,4,1.9976578992060454,3.1684256699980287,1.9111797979510965,2.821952876964657,1.368400769786593,0.14820016839453595,399,120,True,0.001,0.0001,True,50,200,50,200,96,14,58.0,42.0,14,96,1.25,0.55,1.1,3.2,1.0,1.5,1.0
feature_prob,1,0.0,-0.39611812278635994,0.0,-3853.722466647276,0.0,1440.0,-17112.30290437075,BTC/USDT:USDT,BTCUSDT,60,10,60,1h,5m,5m,1h,5m,feature_prob,feature_prob,True,0.03141615189885727,0.18866015004301281,0.3003548965021518,0.055325684938848874,0.10299065188227281,0.11834937021251411,0.10247384571054015,0.24522627006305897,0.1580495714431668,0.5679382121445798,0.5348897816190203,2,1.8849241204267702,5.405936553596987,1.605070106941517,1.3465267712254836,2.0697531461338303,0.5238500076546306,331,61,True,0.001,0.0001,True,50,200,50,200,96,14,58.0,42.0,14,96,1.25,0.55,1.1,3.2,1.0,1.5,1.0
legacy_classic,2,0.0,-0.6920170798156151,0.0,-18.745475448599237,-0.38438316723196525,6.088794926004228,-63.203251264343706,BTC/USDT:USDT,BTCUSDT,60,10,60,5m,5m,5m,1h,5m,legacy_classic,legacy_classic,False,0.1,0.12,0.14,0.1,0.08,0.08,0.12,0.16,0.1,0.58,0.58,2,1.2,2.8,1.0,1.5,1.0,0.8365646933788362,458,279,True,0.001,0.0001,True,22,167,66,159,87,14,70.92696880336143,39.10616469786304,11,44,0.7199902365758839,0.44222267856413966,2.26191231621626,5.868174917281091,1.9743161057590086,2.8483270527842626,2.1656740495035263
legacy_classic,3,0.0,-0.8045215937415167,0.0,-17.2696081343627,-0.5755205793601129,6.486486486486486,-52.18518445890919,BTC/USDT:USDT,BTCUSDT,60,10,60,15m,1m,3m,1h,1h,legacy_classic,legacy_classic,True,0.1,0.12,0.14,0.1,0.08,0.08,0.12,0.16,0.1,0.58,0.58,2,1.2,2.8,1.0,1.5,1.0,0.6801174069831266,579,59,True,0.001,0.0001,True,45,162,11,50,141,29,64.90530709829031,34.28496658258084,9,83,0.8207778386763251,0.227691319458581,2.470341117782441,5.688819530333822,2.9924327574588387,3.1129896217748048,0.5255277763797872
legacy_classic,1,0.0,-0.35003653899727727,0.0,-3615.5394547008827,0.0,1440.0,-15121.578484682377,BTC/USDT:USDT,BTCUSDT,60,10,60,15m,3m,15m,1h,15m,legacy_classic,legacy_classic,False,0.1,0.12,0.14,0.1,0.08,0.08,0.12,0.16,0.1,0.58,0.58,2,1.2,2.8,1.0,1.5,1.0,0.7482300929874541,523,350,True,0.001,0.0001,True,70,223,10,168,55,21,54.140145560724804,26.92720564353117,27,91,0.8961239457900566,0.3088698244374525,1.778001949380746,4.72786218804343,0.7958255570588566,1.652281430617501,2.103462521683216
legacy_classic,3,0.0,-1.3572745713864265,0.0,-23.15097347511709,-0.9737467617208043,6.945337620578778,-94.26730142105083,BTC/USDT:USDT,BTCUSDT,60,10,60,5m,1m,1m,4h,5m,legacy_classic,legacy_classic,False,0.1,0.12,0.14,0.1,0.08,0.08,0.12,0.16,0.1,0.58,0.58,2,1.2,2.8,1.0,1.5,1.0,0.8709303017602155,487,166,True,0.001,0.0001,True,74,226,31,59,145,17,56.022295417430776,49.253626219585,8,149,0.9117891324363185,0.696819717599764,1.888847882346652,2.5574999999607924,1.647736486870588,3.7646667645888723,1.3410070298972852
legacy_classic,1,0.0,-0.09657975943126262,0.0,-2301.3660526510967,0.0,1440.0,-4172.2456074305455,BTC/USDT:USDT,BTCUSDT,60,10,60,5m,3m,1m,15m,1h,legacy_classic,legacy_classic,True,0.1,0.12,0.14,0.1,0.08,0.08,0.12,0.16,0.1,0.58,0.58,2,1.2,2.8,1.0,1.5,1.0,0.22732184954587908,99,347,True,0.001,0.0001,True,44,260,49,100,146,30,64.23647323191773,40.71463261841144,8,128,1.0591142757446013,0.7622665011477796,1.957787288683527,5.324610988627273,1.5838320775089534,2.982235659453672,0.4
legacy_classic,2,0.0,-0.1669957217022322,0.0,-11.736011488621957,-0.0987959662466019,4.324324324324324,-10.832154921225872,BTC/USDT:USDT,BTCUSDT,60,10,60,5m,5m,3m,15m,15m,legacy_classic,legacy_classic,True,0.1,0.12,0.14,0.1,0.08,0.08,0.12,0.16,0.1,0.58,0.58,2,1.2,2.8,1.0,1.5,1.0,0.16421240215422567,136,347,True,0.001,0.0001,True,52,237,49,98,150,30,64.03561656434765,39.0161653884985,12,110,0.9111761926573294,0.805133686798792,2.0027815389904986,5.324610988627273,1.7027446899752894,3.0928385272327614,0.4
feature_prob,1,0.0,-0.11013842902080752,0.0,-2370.9177544728873,0.0,1440.0,-4757.980133698885,BTC/USDT:USDT,BTCUSDT,60,10,60,30m,3m,3m,1h,15m,feature_prob,feature_prob,False,0.19774103240263902,0.2144922509088309,0.12452280406869518,0.05622408340078952,0.046325890597023384,0.2404085525369446,0.17669521379423872,0.07173634077637633,0.14478160418997088,0.6343794748225222,0.5814998991556153,3,1.7759410024896458,2.102227399439333,1.3293418514918305,3.67672931415004,1.5811542040653175,0.14565356535514143,89,256,True,0.001,0.0001,True,50,200,50,200,96,14,58.0,42.0,14,96,1.25,0.55,1.1,3.2,1.0,1.5,1.0
feature_prob,1,0.0,-0.28685387866442696,0.0,-3287.187360875054,0.0,1440.0,-12392.087558303245,BTC/USDT:USDT,BTCUSDT,60,10,60,5m,5m,1m,15m,15m,feature_prob,feature_prob,False,0.06116608844753983,0.19499155425825515,0.22375442940843038,0.2123201128745729,0.18085406499015047,0.16175252766753428,0.10748338232228893,0.2934070135014177,0.18396669748747785,0.6574653504324478,0.6313621364900743,4,1.765241813838869,1.7809563147476997,2.1639958468338203,3.0957982272269406,0.6945259936985995,0.37935251605533193,719,253,True,0.001,0.0001,True,50,200,50,200,96,14,58.0,42.0,14,96,1.25,0.55,1.1,3.2,1.0,1.5,1.0
legacy_classic,1,0.0,-0.3955502729294916,0.0,-3851.528165139414,0.0,1440.0,-17087.771790554038,BTC/USDT:USDT,BTCUSDT,60,10,60,5m,3m,3m,4h,15m,legacy_classic,legacy_classic,False,0.1,0.12,0.14,0.1,0.08,0.08,0.12,0.16,0.1,0.58,0.58,2,1.2,2.8,1.0,1.5,1.0,0.7428457775494605,139,171,True,0.001,0.0001,True,45,146,52,241,103,21,62.18766831425282,26.63412997039675,10,109,1.2701129201482113,0.8689013231186666,1.5620948960888539,3.0687694901226537,1.9366956451422346,2.679413764036068,1.2519405627016802
legacy_classic,3,0.0,-0.2899074303078716,0.0,-12.4556544311264,-0.20364508418706412,6.390532544378698,-18.526628682396524,BTC/USDT:USDT,BTCUSDT,60,10,60,5m,3m,5m,1h,1h,legacy_classic,legacy_classic,False,0.1,0.12,0.14,0.1,0.08,0.08,0.12,0.16,0.1,0.58,0.58,2,1.2,2.8,1.0,1.5,1.0,0.3539883217149352,61,125,True,0.001,0.0001,True,78,211,54,62,22,26,74.66054121226517,35.104935401610426,11,95,0.6873747819432022,0.915914340813103,3.4133286948758643,1.5037949134788926,1.9000756446412443,4.421176050075927,0.6303664655135607
legacy_classic,2,0.0,-0.23962323314088188,0.0,-20.541200238289566,-0.13208261300856394,11.900826446280991,-42.775717651595436,BTC/USDT:USDT,BTCUSDT,60,10,60,30m,5m,1m,4h,5m,legacy_classic,legacy_classic,True,0.1,0.12,0.14,0.1,0.08,0.08,0.12,0.16,0.1,0.58,0.58,2,1.2,2.8,1.0,1.5,1.0,0.41378404915934863,75,218,True,0.001,0.0001,True,43,178,57,117,95,22,50.6994446350641,28.57173479015749,25,127,0.668111465212322,0.9101149891271394,3.2004544568464324,2.4701165506530334,2.54781267307066,2.608536528108398,0.6568886015551413
legacy_classic,2,0.0,-1.0866541960357292,0.0,-20.176208195939914,-0.6342196737778365,4.31784107946027,-70.38000190216418,BTC/USDT:USDT,BTCUSDT,60,10,60,15m,15m,5m,4h,1h,legacy_classic,legacy_classic,True,0.1,0.12,0.14,0.1,0.08,0.08,0.12,0.16,0.1,0.58,0.58,2,1.2,2.8,1.0,1.5,1.0,0.9759446115581123,259,336,True,0.001,0.0001,True,42,270,22,134,71,22,61.13606037300323,34.702238156728384,15,128,0.7263112892142451,0.5091558969717115,1.794237287025474,2.3386012461295476,2.0767156412083114,1.1439056057454715,1.4780170643155586
legacy_classic,2,0.0,-0.1283134908707562,0.0,-11.36472211384383,-0.07488396546026783,4.260355029585799,-8.199915392924066,BTC/USDT:USDT,BTCUSDT,60,10,60,30m,3m,3m,1h,15m,legacy_classic,legacy_classic,True,0.1,0.12,0.14,0.1,0.08,0.08,0.12,0.16,0.1,0.58,0.58,2,1.2,2.8,1.0,1.5,1.0,0.1304413814482215,70,355,True,0.001,0.0001,True,55,240,39,124,145,28,67.45101165081043,39.787219095680285,12,112,0.8369719952042544,0.8535255464825415,2.030694141236117,4.714721143899011,1.8590777542877164,3.453433309925866,0.5233373083195333
legacy_classic,2,0.0,-0.1959386395307117,0.0,-12.031390486356182,-0.11760506880001778,4.4036697247706424,-12.94273582221215,BTC/USDT:USDT,BTCUSDT,60,10,60,5m,3m,3m,15m,15m,legacy_classic,legacy_classic,True,0.1,0.12,0.14,0.1,0.08,0.08,0.12,0.16,0.1,0.58,0.58,2,1.2,2.8,1.0,1.5,1.0,0.2611037852209535,70,347,True,0.001,0.0001,True,38,240,63,113,117,30,68.26574506078325,39.0161653884985,12,132,0.8369719952042544,0.7622665011477796,2.7725263791374224,5.324610988627273,1.2997270610387393,3.453433309925866,0.6144118633132447
feature_prob,1,0.0,-0.6344325788219214,0.0,-5089.382921191662,0.0,1440.0,-27407.487405107004,BTC/USDT:USDT,BTCUSDT,60,10,60,1h,5m,3m,1h,5m,feature_prob,feature_prob,True,0.19092322241179482,0.23718945960026208,0.2509718491556763,0.18311548875494923,0.06404768556872231,0.20774458953061567,0.1950662362939863,0.29060849325747007,0.07086396652370189,0.716222632853863,0.7137863361758727,1,1.2772858086066274,5.108481119473245,2.001845611112161,1.6272589640424115,0.8921735880414177,0.8390111235871351,465,71,True,0.001,0.0001,True,50,200,50,200,96,14,58.0,42.0,14,96,1.25,0.55,1.1,3.2,1.0,1.5,1.0
legacy_classic,2,0.0,-0.290516925544057,0.0,-13.030038001035908,-0.16890759516660708,4.630225080385852,-20.177381323960226,BTC/USDT:USDT,BTCUSDT,60,10,60,30m,15m,3m,4h,5m,legacy_classic,legacy_classic,True,0.1,0.12,0.14,0.1,0.08,0.08,0.12,0.16,0.1,0.58,0.58,2,1.2,2.8,1.0,1.5,1.0,0.5085335113239249,467,333,True,0.001,0.0001,True,24,250,26,230,36,11,56.49061201765451,39.24758226712774,14,90,0.8685921668017956,0.7262819094184777,3.4782686547822435,4.618436169250347,1.8323537933538956,1.7358079673239388,1.576243552226678
feature_prob,1,0.0,-0.2096012953493486,0.0,-2886.6327163863725,0.0,1440.0,-9054.77595909186,BTC/USDT:USDT,BTCUSDT,60,10,60,30m,15m,15m,1h,5m,feature_prob,feature_prob,False,0.13398218455268832,0.1744867975812081,0.053474049150785456,0.18588066415225035,0.03080186891499604,0.23123004307310488,0.16907487903297852,0.138035009068246,0.1101275434699645,0.5935941049124576,0.6972187071937749,1,2.4834498960797124,2.325074813590884,1.9722332404590728,3.8733270482966384,2.33399044349766,0.2771891359093294,397,174,True,0.001,0.0001,True,50,200,50,200,96,14,58.0,42.0,14,96,1.25,0.55,1.1,3.2,1.0,1.5,1.0
legacy_classic,2,0.0,-0.4788866183429978,0.0,-25.468709382877105,-0.23445918652298434,11.65991902834008,-83.75668790452431,BTC/USDT:USDT,BTCUSDT,60,10,60,30m,5m,15m,1h,5m,legacy_classic,legacy_classic,True,0.1,0.12,0.14,0.1,0.08,0.08,0.12,0.16,0.1,0.58,0.58,2,1.2,2.8,1.0,1.5,1.0,0.9908902392242316,401,10,True,0.001,0.0001,True,49,110,73,96,20,27,55.575627217669144,30.75685025500818,26,74,0.9346266558248153,0.7743982509009252,3.3719882182744314,2.991817993169433,2.35020346894696,1.5596705330994463,0.7869134756533582
legacy_classic,3,0.0,-0.7786548177583517,0.0,-17.022092209733742,-0.5594906086705748,6.4767616191904045,-50.43161638254991,BTC/USDT:USDT,BTCUSDT,60,10,60,30m,15m,1m,1h,5m,legacy_classic,legacy_classic,True,0.1,0.12,0.14,0.1,0.08,0.08,0.12,0.16,0.1,0.58,0.58,2,1.2,2.8,1.0,1.5,1.0,0.292123126895487,611,21,True,0.001,0.0001,True,78,201,65,91,122,17,51.61178825745077,33.56058858268675,26,144,0.8976892619073924,0.7800920471905659,1.1086813729376543,3.545603906156648,1.8627030543189702,4.309574616245031,0.7055789801810265
legacy_classic,5,0.0,-0.47829375737609886,0.0,-16.638883108620433,-0.39858386682448094,10.588235294117647,-30.385721056834512,BTC/USDT:USDT,BTCUSDT,60,10,60,5m,5m,3m,15m,5m,legacy_classic,legacy_classic,True,0.1,0.12,0.14,0.1,0.08,0.08,0.12,0.16,0.1,0.58,0.58,2,1.2,2.8,1.0,1.5,1.0,0.2271497433714119,280,44,True,0.001,0.0001,True,67,135,25,218,56,19,68.32703799500072,42.403063357791524,20,115,0.6757166831341569,0.24010835635166772,2.3703391000567358,3.645719563726092,1.9848141161813768,1.3852408260977804,0.708462010823286
legacy_classic,2,0.0,-0.11274803945306515,0.0,-11.223432017571668,-0.06579994227279251,4.260355029585799,-7.205200154397064,BTC/USDT:USDT,BTCUSDT,60,10,60,5m,3m,3m,1h,1h,legacy_classic,legacy_classic,True,0.1,0.12,0.14,0.1,0.08,0.08,0.12,0.16,0.1,0.58,0.58,2,1.2,2.8,1.0,1.5,1.0,0.1304413814482215,70,291,True,0.001,0.0001,True,51,240,49,82,150,30,64.03561656434765,42.43484987276759,10,100,0.8343929541208169,0.8543178321177054,2.311041996089582,4.710364131089628,1.7027446899752894,3.6753105107234503,0.4
legacy_classic,2,0.0,-0.2033390830836655,0.0,-12.071148776781058,-0.12151748025899368,4.324324324324324,-13.18956214596749,BTC/USDT:USDT,BTCUSDT,60,10,60,5m,3m,3m,15m,15m,legacy_classic,legacy_classic,True,0.1,0.12,0.14,0.1,0.08,0.08,0.12,0.16,0.1,0.58,0.58,2,1.2,2.8,1.0,1.5,1.0,0.22948490679152764,33,347,True,0.001,0.0001,True,51,202,51,74,141,28,60.303631540010464,40.99454269339264,11,88,0.8667489738825522,0.8483459097543162,2.3329024937510585,4.754126478020949,1.8958902532386372,3.453433309925866,0.4303810267815894
legacy_classic,1,0.0,-0.23462316488619062,0.0,-3017.1211099348984,0.0,1440.0,-10135.720723083434,BTC/USDT:USDT,BTCUSDT,60,10,60,15m,15m,15m,4h,1h,legacy_classic,legacy_classic,False,0.1,0.12,0.14,0.1,0.08,0.08,0.12,0.16,0.1,0.58,0.58,2,1.2,2.8,1.0,1.5,1.0,0.9553402741896415,573,185,True,0.001,0.0001,True,72,181,23,195,118,20,54.99301935865395,33.82288764677206,27,36,1.2291647377174246,0.9060322331539988,3.386863086228545,2.6387864734300344,1.5245206634229709,3.034363753041176,2.2422293927871118
legacy_classic,1,0.0,-0.21456334323223045,0.0,-2913.1109346591147,0.0,1440.0,-9269.136427632355,BTC/USDT:USDT,BTCUSDT,60,10,60,5m,1m,3m,1h,15m,legacy_classic,legacy_classic,True,0.1,0.12,0.14,0.1,0.08,0.08,0.12,0.16,0.1,0.58,0.58,2,1.2,2.8,1.0,1.5,1.0,0.35525282726900065,247,274,True,0.001,0.0001,True,42,162,19,95,115,18,53.625991899429735,32.86132237358086,7,101,1.5636093796436594,0.7592822285707219,1.377185552988327,4.0536116367472514,1.3039030972634251,1.6608003450786333,0.5390937999616627
feature_prob,1,0.0,-0.07877923481380225,0.0,-2208.3203325095647,0.0,1440.0,-3403.2629439562575,BTC/USDT:USDT,BTCUSDT,60,10,60,5m,5m,1m,4h,1h,feature_prob,feature_prob,False,0.17689034204130077,0.15315344723033647,0.2921522870603027,0.06557459492488464,0.03142174076010877,0.1336048803827891,0.03310171631926833,0.12506878994840046,0.047429575313190475,0.6160291700997691,0.644271829069452,4,1.2019172592453917,1.4872016606379397,0.8303217097687215,3.349916909398952,1.6515174804323132,0.10418231428026274,532,160,True,0.001,0.0001,True,50,200,50,200,96,14,58.0,42.0,14,96,1.25,0.55,1.1,3.2,1.0,1.5,1.0
legacy_classic,2,0.0,-0.27389559788847045,0.0,-12.686194223072807,-0.15984592386048269,4.260355029585799,-17.503387320683323,BTC/USDT:USDT,BTCUSDT,60,10,60,5m,1m,5m,1h,5m,legacy_classic,legacy_classic,True,0.1,0.12,0.14,0.1,0.08,0.08,0.12,0.16,0.1,0.58,0.58,2,1.2,2.8,1.0,1.5,1.0,0.20478288765460484,226,297,True,0.001,0.0001,True,58,285,22,137,40,17,73.18601377992724,43.731674980742106,20,122,0.6313368652574902,0.9578050485607383,1.4935166109226916,4.438029451981798,2.7073134049639713,3.896357273874302,1.310214095017583
legacy_classic,3,0.0,-0.3003151439518522,0.0,-12.55562831197684,-0.21757818118869204,6.390532544378698,-19.19173700994085,BTC/USDT:USDT,BTCUSDT,60,10,60,15m,5m,1m,15m,15m,legacy_classic,legacy_classic,True,0.1,0.12,0.14,0.1,0.08,0.08,0.12,0.16,0.1,0.58,0.58,2,1.2,2.8,1.0,1.5,1.0,0.23192466346719035,126,56,True,0.001,0.0001,True,30,273,11,192,110,22,64.5789714531985,37.20768352471637,14,140,0.7531403963509731,0.8460874729959831,2.331620171190239,5.956858957618203,2.588397577931875,2.743495981854513,0.7513399488142445
legacy_classic,3,0.0,-0.41647874297301785,0.0,-13.895838454022122,-0.29751018994124573,6.945337620578778,-28.925854817418603,BTC/USDT:USDT,BTCUSDT,60,10,60,5m,1m,1m,4h,15m,legacy_classic,legacy_classic,True,0.1,0.12,0.14,0.1,0.08,0.08,0.12,0.16,0.1,0.58,0.58,2,1.2,2.8,1.0,1.5,1.0,0.3554989129364158,532,125,True,0.001,0.0001,True,33,291,77,134,97,16,68.77143798681685,36.28747960077624,21,27,0.8182606970877033,0.6471963550278853,2.4855158697768394,4.042015965595011,1.5384824871239406,3.6302785835162616,1.9779156568948166
legacy_classic,2,0.0,-0.14829765925488173,0.0,-11.546121611946603,-0.08654675917645141,4.260355029585799,-9.477010177235046,BTC/USDT:USDT,BTCUSDT,60,10,60,5m,3m,3m,1h,1h,legacy_classic,legacy_classic,True,0.1,0.12,0.14,0.1,0.08,0.08,0.12,0.16,0.1,0.58,0.58,2,1.2,2.8,1.0,1.5,1.0,0.17156973755447877,97,270,True,0.001,0.0001,True,51,259,44,105,142,29,62.46254364566508,41.88246027072126,10,100,0.8972023969495717,0.8903947764187914,2.311041996089582,4.710364131089628,1.6297438710999341,3.827923635985326,0.4
legacy_classic,2,0.0,-0.11274803945306515,0.0,-11.223432017571668,-0.06579994227279251,4.260355029585799,-7.205200154397064,BTC/USDT:USDT,BTCUSDT,60,10,60,5m,3m,3m,1h,1h,legacy_classic,legacy_classic,False,0.1,0.12,0.14,0.1,0.08,0.08,0.12,0.16,0.1,0.58,0.58,2,1.2,2.8,1.0,1.5,1.0,0.1304413814482215,70,291,True,0.001,0.0001,True,55,273,49,58,150,30,66.36543678141962,44.050437572973074,10,120,0.6661211160487729,0.8543178321177054,2.311041996089582,4.710364131089628,1.4029107006200991,3.6753105107234503,0.4
legacy_classic,4,0.0,-1.1959734637173498,0.0,-22.81841641750993,-0.9206593935920218,9.27536231884058,-83.19815399772868,BTC/USDT:USDT,BTCUSDT,60,10,60,15m,5m,1m,1h,15m,legacy_classic,legacy_classic,False,0.1,0.12,0.14,0.1,0.08,0.08,0.12,0.16,0.1,0.58,0.58,2,1.2,2.8,1.0,1.5,1.0,0.6934764120806508,528,132,True,0.001,0.0001,True,40,242,35,244,75,26,62.5735855549766,46.41008605695572,10,39,0.9403929414196693,0.4266605814130736,2.0951432857068943,4.745687906952434,1.674679397643457,4.393192736825497,0.49659989506437374
legacy_classic,2,0.0,-1.0675095753263784,0.0,-23.38230016739873,-0.5929517111394633,6.088794926004228,-97.49770328562272,BTC/USDT:USDT,BTCUSDT,60,10,60,30m,3m,5m,1h,5m,legacy_classic,legacy_classic,False,0.1,0.12,0.14,0.1,0.08,0.08,0.12,0.16,0.1,0.58,0.58,2,1.2,2.8,1.0,1.5,1.0,0.6882514305327957,235,299,True,0.001,0.0001,True,49,235,44,66,122,25,57.34534468620158,40.592243676674116,19,24,0.6119530671486401,0.424026662208715,1.2063362844206613,5.350085843376852,1.9609412043269407,3.640781702909554,1.5179649774825719
legacy_classic,2,0.0,-0.5682030979977359,0.0,-15.735086661916583,-0.3303553439073521,4.630225080385852,-39.46362352653085,BTC/USDT:USDT,BTCUSDT,60,10,60,5m,5m,1m,1h,15m,legacy_classic,legacy_classic,False,0.1,0.12,0.14,0.1,0.08,0.08,0.12,0.16,0.1,0.58,0.58,2,1.2,2.8,1.0,1.5,1.0,0.46933797617460005,177,251,True,0.001,0.0001,True,77,233,63,161,139,17,53.4029969426892,48.45358325168364,7,39,0.9518609374141505,0.6223937717668871,1.641334446993753,5.653734686229916,2.0327931678664855,4.349320285374036,0.5243666767020231
legacy_classic,2,0.0,-0.3221850966908377,0.0,-23.65492697062121,-0.1696216337164863,12.5764192139738,-60.779022607179876,BTC/USDT:USDT,BTCUSDT,60,10,60,5m,3m,3m,15m,1h,legacy_classic,legacy_classic,True,0.1,0.12,0.14,0.1,0.08,0.08,0.12,0.16,0.1,0.58,0.58,2,1.2,2.8,1.0,1.5,1.0,0.29546032476361717,594,85,True,0.001,0.0001,True,56,149,56,158,124,18,66.10000120604391,30.33784206823065,11,140,0.7521102544662369,0.7044018248801814,1.6108647409277062,5.2479955278396435,2.4364441534524954,3.107305533623964,0.5068599881139432
legacy_classic,2,0.0,-0.10415220593312538,0.0,-11.145406259565611,-0.06078339961588873,4.260355029585799,-6.6558806158446995,BTC/USDT:USDT,BTCUSDT,60,10,60,5m,3m,3m,1h,1h,legacy_classic,legacy_classic,True,0.1,0.12,0.14,0.1,0.08,0.08,0.12,0.16,0.1,0.58,0.58,2,1.2,2.8,1.0,1.5,1.0,0.12049661961928854,111,284,True,0.001,0.0001,True,51,240,47,65,150,30,63.55058937464423,41.6934445973133,10,100,0.9412722446195725,0.8543178321177054,2.311041996089582,4.842673625218923,1.8104023744911601,3.7288952089762506,0.4
legacy_classic,2,0.0,-0.15165937542019747,0.0,-11.576636448162487,-0.08850866228969687,4.260355029585799,-9.691841742829189,BTC/USDT:USDT,BTCUSDT,60,10,60,5m,3m,3m,1h,1h,legacy_classic,legacy_classic,True,0.1,0.12,0.14,0.1,0.08,0.08,0.12,0.16,0.1,0.58,0.58,2,1.2,2.8,1.0,1.5,1.0,0.17545900164073497,30,271,True,0.001,0.0001,True,55,232,49,75,148,28,62.92708921594495,40.85689289698487,7,110,0.8343929541208169,0.8543178321177054,2.311041996089582,4.761135528348819,1.7027446899752894,3.6753105107234503,0.552092932368782
feature_prob,1,0.0,-0.38522911592439474,0.0,-3797.262966067987,0.0,1440.0,-16641.897807933852,BTC/USDT:USDT,BTCUSDT,60,10,60,1h,5m,3m,1h,1h,feature_prob,feature_prob,True,0.07649870470903011,0.04227408799994172,0.30517627189499363,0.19626041503725655,0.1380465590734804,0.024765130767300796,0.16126272894855356,0.05762352207362471,0.05103829397566833,0.5391854486549102,0.5596227879884992,2,1.2112734628086543,3.896773334745672,1.4242244442967298,3.349472365065151,1.4248104281096,0.5094497416736968,172,142,True,0.001,0.0001,True,50,200,50,200,96,14,58.0,42.0,14,96,1.25,0.55,1.1,3.2,1.0,1.5,1.0
feature_prob,1,0.0,-0.6233499891298907,0.0,-5031.919693638483,0.0,1440.0,-26928.71953041128,BTC/USDT:USDT,BTCUSDT,60,10,60,5m,1m,1m,15m,5m,feature_prob,feature_prob,False,0.12597772204611749,0.24769789373419207,0.2500328783975552,0.11085389164516793,0.14453785931344357,0.11289664621965825,0.16701421984027068,0.3382525187036358,0.2369556287640401,0.597247742335596,0.6450482605376814,4,2.0777731450455685,3.546228706398363,1.493053097156602,2.5094576446248626,1.4994533974862074,0.8243548522351309,271,52,True,0.001,0.0001,True,50,200,50,200,96,14,58.0,42.0,14,96,1.25,0.55,1.1,3.2,1.0,1.5,1.0
legacy_classic,3,0.0,-0.5995422777257351,0.0,-15.29201896894856,-0.4211476659687615,6.390532544378698,-38.31394437537242,BTC/USDT:USDT,BTCUSDT,60,10,60,30m,15m,5m,1h,1h,legacy_classic,legacy_classic,False,0.1,0.12,0.14,0.1,0.08,0.08,0.12,0.16,0.1,0.58,0.58,2,1.2,2.8,1.0,1.5,1.0,0.6826060458314936,267,42,True,0.001,0.0001,True,31,228,26,117,50,9,70.3104471216314,35.70268191124985,17,26,0.7905753829002702,0.8733611680963554,3.182722985046997,1.6929372005294567,2.5040537287824094,2.178263313806881,0.8821041154212936
legacy_classic,4,0.0,-1.4795620309004152,0.0,-23.68281848419001,-1.151631010642458,8.520710059171599,-94.55189309896146,BTC/USDT:USDT,BTCUSDT,60,10,60,15m,15m,1m,15m,15m,legacy_classic,legacy_classic,True,0.1,0.12,0.14,0.1,0.08,0.08,0.12,0.16,0.1,0.58,0.58,2,1.2,2.8,1.0,1.5,1.0,0.7717086219482705,466,14,True,0.001,0.0001,True,64,290,47,73,124,30,51.071335902359905,34.17089909882805,7,106,0.9327081165412495,0.9452534838480656,1.9574077120088216,5.848295491623086,2.359392859905183,2.7215552387136177,0.6015691961696488
legacy_classic,7,14.285714285714285,-1.3028251098265615,0.14854474321793748,-26.089404684310793,-1.1034145439478251,14.801762114537446,-82.64617436785238,BTC/USDT:USDT,BTCUSDT,60,10,60,5m,5m,5m,15m,5m,legacy_classic,legacy_classic,True,0.1,0.12,0.14,0.1,0.08,0.08,0.12,0.16,0.1,0.58,0.58,2,1.2,2.8,1.0,1.5,1.0,0.8087192071062432,649,18,True,0.001,0.0001,True,69,106,13,247,27,9,58.06241522821112,43.93896306719594,27,40,0.7156856489415389,0.3118587144364632,3.3733393674679686,1.9421726984933443,2.4591242055277207,2.794415954470087,1.1802329422549895
legacy_classic,2,0.0,-0.10076598294237174,0.0,-11.114668970968967,-0.05880719427879154,4.260355029585799,-6.439482933595355,BTC/USDT:USDT,BTCUSDT,60,10,60,5m,3m,3m,1h,1h,legacy_classic,legacy_classic,True,0.1,0.12,0.14,0.1,0.08,0.08,0.12,0.16,0.1,0.58,0.58,2,1.2,2.8,1.0,1.5,1.0,0.12049661961928854,102,296,True,0.001,0.0001,True,45,219,42,49,150,30,63.55058937464423,42.34111970072619,10,91,0.8057386880786412,0.8543178321177054,2.388704152615473,4.441707148107676,1.9588498419490994,3.6724135672514473,0.6187156598054184
legacy_classic,1,0.0,-0.045044702547962764,0.0,-2034.156782711187,0.0,1440.0,-1945.9311500719914,BTC/USDT:USDT,BTCUSDT,60,10,60,5m,3m,3m,1h,5m,legacy_classic,legacy_classic,True,0.1,0.12,0.14,0.1,0.08,0.08,0.12,0.16,0.1,0.58,0.58,2,1.2,2.8,1.0,1.5,1.0,0.12049661961928854,107,325,True,0.001,0.0001,True,51,240,42,65,150,29,63.55058937464423,40.272529502070455,13,100,1.0706805960171448,0.8543178321177054,2.225059264464874,4.842673625218923,1.8104023744911601,3.7288952089762506,0.6410230513200728
feature_prob,1,0.0,-0.5125579275808619,0.0,-4457.462854506769,0.0,1440.0,-22142.502471493237,BTC/USDT:USDT,BTCUSDT,60,10,60,1h,3m,15m,1h,5m,feature_prob,feature_prob,True,0.15778536537638083,0.055994825774504146,0.26284070516884117,0.24171862445500436,0.11918103484828578,0.21825178664838457,0.0262665098566973,0.11074238710326073,0.049091038538534235,0.5834657690741045,0.6535179113565308,1,1.382063550077675,2.4703536026697543,2.268893793743978,3.483302918342959,1.8688973878582527,0.6778368846090117,287,161,True,0.001,0.0001,True,50,200,50,200,96,14,58.0,42.0,14,96,1.25,0.55,1.1,3.2,1.0,1.5,1.0
feature_prob,1,0.0,-0.14804429581699796,0.0,-2567.4596738111345,0.0,1440.0,-6395.513579294312,BTC/USDT:USDT,BTCUSDT,60,10,60,15m,1m,1m,15m,1h,feature_prob,feature_prob,False,0.228835516930909,0.1454404010527816,0.19387997973690008,0.23026750770758742,0.16716289731740153,0.10477020276586338,0.27005190924044753,0.13556039164290565,0.03492294866818368,0.6141343309888493,0.6586430093489011,3,1.4323486580295421,3.143197440790919,1.0932202585623356,1.7382926103014027,1.4591429955002477,0.19578252302984323,317,251,True,0.001,0.0001,True,50,200,50,200,96,14,58.0,42.0,14,96,1.25,0.55,1.1,3.2,1.0,1.5,1.0
legacy_classic,3,0.0,-0.19564412114734253,0.0,-11.643813937899541,-0.1391086416079373,6.605504587155964,-12.923281396888683,BTC/USDT:USDT,BTCUSDT,60,10,60,30m,15m,15m,4h,15m,legacy_classic,legacy_classic,True,0.1,0.12,0.14,0.1,0.08,0.08,0.12,0.16,0.1,0.58,0.58,2,1.2,2.8,1.0,1.5,1.0,0.199816952851188,198,32,True,0.001,0.0001,True,32,120,32,187,111,21,73.26813019543765,47.43163436904921,15,134,0.788874024092424,0.7605365734343705,2.9398264595153183,5.337338073093404,2.0964851307121846,2.372456242007888,0.7092769655133666
legacy_classic,3,0.0,-0.23643561366186572,0.0,-11.99435252095373,-0.16793315965952132,6.486486486486486,-15.336364129418316,BTC/USDT:USDT,BTCUSDT,60,10,60,30m,3m,1m,1h,15m,legacy_classic,legacy_classic,False,0.1,0.12,0.14,0.1,0.08,0.08,0.12,0.16,0.1,0.58,0.58,2,1.2,2.8,1.0,1.5,1.0,0.25752659321591,165,109,True,0.001,0.0001,True,57,279,27,162,46,15,70.99364184763546,42.025593507574925,15,116,0.9255716729983751,0.8386902520515803,3.1269893040361127,5.939230551510886,1.85111756152844,4.364975539676491,1.8919924611637726
legacy_classic,2,0.0,-0.1078063557297119,0.0,-11.178575562703573,-0.06291596747993236,4.260355029585799,-6.889400247815909,BTC/USDT:USDT,BTCUSDT,60,10,60,30m,15m,15m,1h,5m,legacy_classic,legacy_classic,True,0.1,0.12,0.14,0.1,0.08,0.08,0.12,0.16,0.1,0.58,0.58,2,1.2,2.8,1.0,1.5,1.0,0.1411126192114173,153,305,True,0.001,0.0001,True,80,261,49,91,49,26,52.29238786361464,44.24908484932617,17,99,0.8637265387417978,0.9607409848691527,2.614706425798828,5.035369698718062,2.092335483708813,1.4722493124212845,0.6618473515207812
legacy_classic,2,0.0,-0.11962044575344186,0.0,-11.285813950594056,-0.06981068995438042,4.260355029585799,-7.644383515604569,BTC/USDT:USDT,BTCUSDT,60,10,60,5m,5m,3m,1h,1h,legacy_classic,legacy_classic,True,0.1,0.12,0.14,0.1,0.08,0.08,0.12,0.16,0.1,0.58,0.58,2,1.2,2.8,1.0,1.5,1.0,0.14304290922151314,102,349,True,0.001,0.0001,True,45,219,33,45,150,30,63.143860321208514,45.49590473450708,10,102,0.8057386880786412,0.8543178321177054,2.388704152615473,4.031042272361224,1.9592674722265497,3.9456937117421713,0.6187156598054184
legacy_classic,2,0.0,-0.09886994778675076,0.0,-11.097458356096043,-0.0577006650265558,4.260355029585799,-6.318316189922535,BTC/USDT:USDT,BTCUSDT,60,10,60,5m,3m,3m,1h,1h,legacy_classic,legacy_classic,True,0.1,0.12,0.14,0.1,0.08,0.08,0.12,0.16,0.1,0.58,0.58,2,1.2,2.8,1.0,1.5,1.0,0.1,176,266,True,0.001,0.0001,True,46,242,37,69,150,30,65.6772058245761,38.590569258099244,12,91,0.6188306877029149,0.8543178321177054,2.020398986158376,4.989183745874363,1.9588498419490994,3.9883303286885137,0.8526816842184375
legacy_classic,1,0.0,-0.7528658410711433,0.0,-5704.209385953878,0.0,1440.0,-32523.80433427339,BTC/USDT:USDT,BTCUSDT,60,10,60,30m,5m,15m,1h,1h,legacy_classic,legacy_classic,False,0.1,0.12,0.14,0.1,0.08,0.08,0.12,0.16,0.1,0.58,0.58,2,1.2,2.8,1.0,1.5,1.0,0.9012239259869639,225,213,True,0.001,0.0001,True,71,120,37,57,86,29,59.01240530471326,32.458615897065506,15,103,1.155168282561308,0.33809417614300363,0.9956932500125479,5.7054696972607,1.8768251681884118,0.9778143329513567,0.8298774847605015
feature_prob,1,0.0,-0.6861972272848855,0.0,-5357.7826234721315,0.0,1440.0,-29643.720218707054,BTC/USDT:USDT,BTCUSDT,60,10,60,15m,1m,3m,15m,15m,feature_prob,feature_prob,False,0.08733367094483724,0.10893201429925964,0.10445280636375559,0.04478972952294952,0.08928929875312641,0.1725557089125761,0.21997757347110475,0.16886241753678585,0.19053384832608458,0.6582114619924819,0.6550262193030607,1,0.8555382195017274,4.645025891785224,2.480580191420163,2.9533753167195442,1.921511243400669,0.907467752894621,642,158,True,0.001,0.0001,True,50,200,50,200,96,14,58.0,42.0,14,96,1.25,0.55,1.1,3.2,1.0,1.5,1.0
legacy_classic,3,0.0,-0.9042559731196602,0.0,-18.17688563160663,-0.6352131453383796,6.4767616191904045,-58.56650380625086,BTC/USDT:USDT,BTCUSDT,60,10,60,30m,1m,3m,4h,5m,legacy_classic,legacy_classic,False,0.1,0.12,0.14,0.1,0.08,0.08,0.12,0.16,0.1,0.58,0.58,2,1.2,2.8,1.0,1.5,1.0,0.9498880494557158,462,205,True,0.001,0.0001,True,48,173,18,159,87,13,74.83867482050132,32.55245186534511,17,34,0.817232058344284,0.6060772897664333,2.9367126073966245,3.1497570929126537,0.617329175833045,1.3993520298283315,1.5740775322910703
legacy_classic,3,33.33333333333333,-0.3527057897210824,0.24357330076433095,-7.82062629466798,-0.27109623016849255,6.945337620578778,-24.49660790345781,BTC/USDT:USDT,BTCUSDT,60,10,60,5m,5m,3m,1h,15m,legacy_classic,legacy_classic,False,0.1,0.12,0.14,0.1,0.08,0.08,0.12,0.16,0.1,0.58,0.58,2,1.2,2.8,1.0,1.5,1.0,0.2053230528846553,360,215,True,0.001,0.0001,True,40,143,30,131,59,7,60.45902149389561,47.14555636036535,18,41,0.7984638402859097,0.6638985169213119,0.87499779586586,3.1599844774393047,2.312819371511162,1.383371280568575,1.6443112462778302
legacy_classic,3,0.0,-0.748084651312492,0.0,-16.652719562951212,-0.5254910563478803,6.390532544378698,-47.8065931016267,BTC/USDT:USDT,BTCUSDT,60,10,60,15m,1m,3m,15m,1h,legacy_classic,legacy_classic,True,0.1,0.12,0.14,0.1,0.08,0.08,0.12,0.16,0.1,0.58,0.58,2,1.2,2.8,1.0,1.5,1.0,0.9329089065202937,487,194,True,0.001,0.0001,True,75,270,15,124,143,16,66.66893229164248,38.52142757755988,14,141,0.9666760933903646,0.8764188750236176,3.4860773458045946,3.989994954797241,1.5399851013766226,4.002326723749048,0.4305946664042202
legacy_classic,3,33.33333333333333,-1.7049273423378115,0.14154552054173436,-27.53006783169736,-1.1031540201911643,9.133192389006343,-155.7142942684851,BTC/USDT:USDT,BTCUSDT,60,10,60,15m,5m,5m,4h,1h,legacy_classic,legacy_classic,True,0.1,0.12,0.14,0.1,0.08,0.08,0.12,0.16,0.1,0.58,0.58,2,1.2,2.8,1.0,1.5,1.0,0.98426819160226,596,217,True,0.001,0.0001,True,80,163,72,103,68,21,64.33508559491875,48.512214436439635,12,45,0.7819870182748948,0.22305977517684883,0.9272949466251557,3.8891213354505836,2.915025653569265,0.9552654353686636,1.863467058002776
legacy_classic,3,33.33333333333333,-0.1613292936428164,0.24357330076451245,-5.931273671011051,-0.12400069575526318,6.945337620578778,-11.204864124388534,BTC/USDT:USDT,BTCUSDT,60,10,60,5m,5m,3m,1h,15m,legacy_classic,legacy_classic,False,0.1,0.12,0.14,0.1,0.08,0.08,0.12,0.16,0.1,0.58,0.58,2,1.2,2.8,1.0,1.5,1.0,0.1,436,215,True,0.001,0.0001,True,31,113,30,131,59,11,60.378706529240915,42.79811132123944,22,41,0.6824243857538126,0.6638985169213119,0.931683925133651,2.5868938542698086,2.2390170607328823,0.958094226599718,1.6443112462778302
legacy_classic,3,33.33333333333333,-0.46450189450875223,0.12696093283829715,-9.341318445784196,-0.3185711918445046,6.486486486486486,-30.12985261678393,BTC/USDT:USDT,BTCUSDT,60,10,60,15m,5m,3m,1h,15m,legacy_classic,legacy_classic,False,0.1,0.12,0.14,0.1,0.08,0.08,0.12,0.16,0.1,0.58,0.58,2,1.2,2.8,1.0,1.5,1.0,0.2053230528846553,241,227,True,0.001,0.0001,True,33,143,44,90,59,7,60.45902149389561,43.86059015347701,20,30,0.6301095117634294,0.7780395917179757,0.8,4.098496156303248,2.312819371511162,0.9358818559254547,1.8651163471393244
legacy_classic,1,0.0,-0.11578954580894477,0.0,-2400.9687950193784,0.0,1440.0,-5002.108378946414,BTC/USDT:USDT,BTCUSDT,60,10,60,5m,3m,3m,15m,15m,legacy_classic,legacy_classic,True,0.1,0.12,0.14,0.1,0.08,0.08,0.12,0.16,0.1,0.58,0.58,2,1.2,2.8,1.0,1.5,1.0,0.47780317073543555,434,335,True,0.001,0.0001,True,68,226,33,178,42,12,72.37019195642172,27.94682361599923,19,76,1.0872863494836118,0.190594300282712,3.4323385639897817,4.034455099530286,1.573094905531028,1.2641229836094912,1.303938877648899
legacy_classic,1,0.0,-0.041332750698836206,0.0,-2014.9103123734658,0.0,1440.0,-1785.574830189724,BTC/USDT:USDT,BTCUSDT,60,10,60,5m,5m,3m,4h,1h,legacy_classic,legacy_classic,False,0.1,0.12,0.14,0.1,0.08,0.08,0.12,0.16,0.1,0.58,0.58,2,1.2,2.8,1.0,1.5,1.0,0.14013536565807658,40,345,True,0.001,0.0001,True,42,152,72,107,115,7,61.316089094204074,25.014263485682285,24,131,1.02189367668696,0.15237083476700977,2.82009595287544,5.97172788631354,2.3838433811959487,3.9320038558754185,0.4455708366353582
feature_prob,1,0.0,-0.18039712179725417,0.0,-2735.2090765187627,0.0,1440.0,-7793.15566164138,BTC/USDT:USDT,BTCUSDT,60,10,60,15m,1m,3m,15m,5m,feature_prob,feature_prob,False,0.1986247864351742,0.2855690841214076,0.31345618048528506,0.07478521997131556,0.027492119403804464,0.07958105463317927,0.18027824890526775,0.05072438367666518,0.0717892274250919,0.7007629290953779,0.5962142224747874,2,1.2203525226614844,2.1105839388586443,2.4275876297445116,1.7340355446380573,0.634471312772289,0.23856781146398742,443,348,True,0.001,0.0001,True,50,200,50,200,96,14,58.0,42.0,14,96,1.25,0.55,1.1,3.2,1.0,1.5,1.0
legacy_classic,3,0.0,-0.17670952031273512,0.0,-11.538221704165633,-0.1267763552027623,6.945337620578778,-12.273072793424689,BTC/USDT:USDT,BTCUSDT,60,10,60,15m,5m,3m,4h,1h,legacy_classic,legacy_classic,False,0.1,0.12,0.14,0.1,0.08,0.08,0.12,0.16,0.1,0.58,0.58,2,1.2,2.8,1.0,1.5,1.0,0.15497597882111872,200,59,True,0.001,0.0001,True,36,198,23,76,26,26,60.64308604606716,36.214221792044405,14,26,0.6063132554256517,0.6541277657046043,2.5815808765808645,5.457117795189525,2.7559643959362004,1.966998675732849,0.6886000101865264
legacy_classic,3,0.0,-0.45544099975299057,0.0,-13.972000378970026,-0.3199239172257259,6.390532544378698,-29.105105309658565,BTC/USDT:USDT,BTCUSDT,60,10,60,30m,5m,1m,4h,15m,legacy_classic,legacy_classic,True,0.1,0.12,0.14,0.1,0.08,0.08,0.12,0.16,0.1,0.58,0.58,2,1.2,2.8,1.0,1.5,1.0,0.2622520914786098,43,51,True,0.001,0.0001,True,55,140,32,86,109,7,68.87454969925611,38.33209093350005,18,123,0.8352037076630154,0.9004845368901528,1.6096644767187518,2.2744650057414013,1.527972887991051,2.9792348303926914,0.9290992762871456
legacy_classic,3,0.0,-0.4891906282155538,0.0,-14.340164959188105,-0.34745750269902836,6.486486486486486,-31.731283992360247,BTC/USDT:USDT,BTCUSDT,60,10,60,15m,1m,3m,15m,15m,legacy_classic,legacy_classic,True,0.1,0.12,0.14,0.1,0.08,0.08,0.12,0.16,0.1,0.58,0.58,2,1.2,2.8,1.0,1.5,1.0,0.5739033735993052,615,36,True,0.001,0.0001,True,43,229,45,57,38,18,73.8723207635894,42.02238135121167,9,132,0.9225592505272255,0.7669603455035919,3.368044773067896,3.404222002154044,2.5224082673692965,1.9693235387356054,0.5133340360850698
legacy_classic,3,33.33333333333333,-0.35764501851175373,0.20059376468342996,-8.116920151043892,-0.2601131976771227,6.945337620578778,-24.839654018822763,BTC/USDT:USDT,BTCUSDT,60,10,60,5m,5m,3m,15m,15m,legacy_classic,legacy_classic,False,0.1,0.12,0.14,0.1,0.08,0.08,0.12,0.16,0.1,0.58,0.58,2,1.2,2.8,1.0,1.5,1.0,0.18011905124000446,388,222,True,0.001,0.0001,True,24,113,37,133,59,13,60.378706529240915,44.324928274474146,22,38,0.6824243857538126,0.6638985169213119,0.8,2.5868938542698086,2.5662147892199423,0.958094226599718,1.7297149506668785
legacy_classic,3,33.33333333333333,-0.1774124492340548,0.2860230123106904,-5.843440947078119,-0.14451185691616186,6.956521739130435,-12.341735598890768,BTC/USDT:USDT,BTCUSDT,60,10,60,5m,5m,3m,1h,5m,legacy_classic,legacy_classic,True,0.1,0.12,0.14,0.1,0.08,0.08,0.12,0.16,0.1,0.58,0.58,2,1.2,2.8,1.0,1.5,1.0,0.1,432,215,True,0.001,0.0001,True,29,121,22,131,68,11,63.201595342673485,43.64401070987151,22,41,0.6126595490741952,0.6089472582790194,0.8,2.1506296540491014,2.4976631254764365,0.8,1.5597314388249317
feature_prob,1,0.0,-0.22284145259216523,0.0,-2955.2829316903762,0.0,1440.0,-9626.750751981537,BTC/USDT:USDT,BTCUSDT,60,10,60,1h,3m,15m,1h,15m,feature_prob,feature_prob,True,0.03529140592031687,0.19198469477442387,0.27263580307795326,0.1890647438023765,0.1678545471110955,0.2255344173374647,0.19743758986711069,0.15036465727255366,0.19432473038381834,0.6514781687014882,0.6223338447526747,4,1.4385694633899133,5.01127445382702,2.1802177738961475,1.8958916874495733,0.5899623934377105,0.29469870205644244,620,180,True,0.001,0.0001,True,50,200,50,200,96,14,58.0,42.0,14,96,1.25,0.55,1.1,3.2,1.0,1.5,1.0
feature_prob,1,0.0,-0.3328446960475109,0.0,-3525.649749006344,0.0,1440.0,-14378.89086925247,BTC/USDT:USDT,BTCUSDT,60,10,60,15m,5m,5m,15m,1h,feature_prob,feature_prob,True,0.21130100172357233,0.2432667935775325,0.12403671720356599,0.08636613415802052,0.1771695811959962,0.22125111137587647,0.13181245457165774,0.08361137096566007,0.14269237055956677,0.631829298015325,0.6388059533398657,3,1.5969973756637281,2.388921373504985,1.196822752150729,1.7580728216130608,1.2223944109081226,0.4401734900332507,145,206,True,0.001,0.0001,True,50,200,50,200,96,14,58.0,42.0,14,96,1.25,0.55,1.1,3.2,1.0,1.5,1.0
legacy_classic,2,0.0,-0.15209980222491648,0.0,-18.171373889555454,-0.07446688743016566,11.65991902834008,-26.602070672535998,BTC/USDT:USDT,BTCUSDT,60,10,60,15m,3m,3m,1h,5m,legacy_classic,legacy_classic,True,0.1,0.12,0.14,0.1,0.08,0.08,0.12,0.16,0.1,0.58,0.58,2,1.2,2.8,1.0,1.5,1.0,0.14659077322876868,571,196,True,0.001,0.0001,True,36,278,68,174,139,25,70.59748737454697,30.341406550915476,11,22,1.005318522598964,0.6456884512595538,1.5706202265502704,3.4836551526931077,2.126578726534671,2.372225753594985,1.4790488362913599
legacy_classic,3,0.0,-0.6337802901572812,0.0,-15.779685160441868,-0.46025504803576606,6.605504587155964,-41.86438613882959,BTC/USDT:USDT,BTCUSDT,60,10,60,15m,3m,15m,1h,5m,legacy_classic,legacy_classic,True,0.1,0.12,0.14,0.1,0.08,0.08,0.12,0.16,0.1,0.58,0.58,2,1.2,2.8,1.0,1.5,1.0,0.5138487830496191,540,97,True,0.001,0.0001,True,46,269,18,116,34,11,58.94285872950256,40.87545685851866,23,91,0.8722317864781236,0.7644530612133296,2.4631060790807577,2.223280581687874,2.0321740479931147,2.2717477768236067,0.9656418258899252
legacy_classic,2,0.0,-1.3745446794720757,0.0,-27.173768645364987,-0.7634953714409765,6.088794926004228,-125.53981004903524,BTC/USDT:USDT,BTCUSDT,60,10,60,5m,5m,5m,15m,15m,legacy_classic,legacy_classic,True,0.1,0.12,0.14,0.1,0.08,0.08,0.12,0.16,0.1,0.58,0.58,2,1.2,2.8,1.0,1.5,1.0,0.7160916910267346,259,256,True,0.001,0.0001,True,63,133,10,116,107,7,66.44834059942353,48.98553612871598,10,99,0.893604812627917,0.34292946608372477,0.974771494984826,5.589850728124219,1.9915626172874727,3.655581163838404,1.8419955843083922
legacy_classic,5,0.0,-2.387277810250274,0.0,-34.22160655732391,-1.9993600413291026,10.588235294117647,-151.66235500413504,BTC/USDT:USDT,BTCUSDT,60,10,60,30m,1m,5m,1h,1h,legacy_classic,legacy_classic,True,0.1,0.12,0.14,0.1,0.08,0.08,0.12,0.16,0.1,0.58,0.58,2,1.2,2.8,1.0,1.5,1.0,0.4341291837367933,74,47,True,0.001,0.0001,True,73,207,65,185,32,29,57.4509328900438,47.346577821900354,23,129,0.6206817502391863,0.20667595206726014,0.9308715369475611,2.9920175700761655,1.649244368832423,1.6640544233745656,1.9879066487705237
legacy_classic,3,33.33333333333333,-0.12801632452762784,0.3271424955946881,-6.8316201120491495,-0.10568061002191058,9.113924050632912,-11.667310589859754,BTC/USDT:USDT,BTCUSDT,60,10,60,5m,5m,3m,1h,1h,legacy_classic,legacy_classic,True,0.1,0.12,0.14,0.1,0.08,0.08,0.12,0.16,0.1,0.58,0.58,2,1.2,2.8,1.0,1.5,1.0,0.1,432,215,True,0.001,0.0001,True,29,116,22,109,78,11,63.201595342673485,43.37706268583301,22,48,0.6,0.5104321430741123,0.9834622157207916,2.1506296540491014,2.4976631254764365,0.8,1.5161900130565757
legacy_classic,3,0.0,-0.8749126685433599,0.0,-18.40617009779715,-0.6276868334108423,6.945337620578778,-60.76563871555168,BTC/USDT:USDT,BTCUSDT,60,10,60,5m,5m,3m,1h,5m,legacy_classic,legacy_classic,False,0.1,0.12,0.14,0.1,0.08,0.08,0.12,0.16,0.1,0.58,0.58,2,1.2,2.8,1.0,1.5,1.0,0.2377789455429974,438,165,True,0.001,0.0001,True,30,146,22,143,68,14,59.532750828391386,45.682731900846804,22,41,0.6126595490741952,0.6829138355432743,0.8,1.9226066203577943,2.708341092009468,0.8,1.7616740583807866
feature_prob,1,0.0,-0.1414683377491112,0.0,-2533.3633312291413,0.0,1440.0,-6111.432190761603,BTC/USDT:USDT,BTCUSDT,60,10,60,1h,5m,1m,1h,1h,feature_prob,feature_prob,True,0.07000554314330094,0.2103719575791331,0.2623903038057811,0.2397337830543417,0.17345988011046923,0.2411254004823784,0.10453925611967907,0.2841122565508225,0.2237216616994928,0.5634226635389434,0.6106099548109678,2,0.8014424063612271,5.300855110495571,0.9877649748455825,3.416608038330349,1.3321919110288514,0.18708608758284168,365,104,True,0.001,0.0001,True,50,200,50,200,96,14,58.0,42.0,14,96,1.25,0.55,1.1,3.2,1.0,1.5,1.0
feature_prob,1,0.0,-0.09488091899787325,0.0,-2291.8075650039727,0.0,1440.0,-4098.8557007081245,BTC/USDT:USDT,BTCUSDT,60,10,60,30m,3m,5m,4h,5m,feature_prob,feature_prob,True,0.1582220622245959,0.2974909934273713,0.26850780919689266,0.06765805746652392,0.23230881650448876,0.08024433180850367,0.027619683412323112,0.11757809810617881,0.09203455706488166,0.6323430877597772,0.6374215507032338,4,2.375853517928278,2.287447509522425,1.7370510179537948,3.338229096560728,0.9626532048432515,0.12547613270933586,614,127,True,0.001,0.0001,True,50,200,50,200,96,14,58.0,42.0,14,96,1.25,0.55,1.1,3.2,1.0,1.5,1.0
legacy_classic,1,0.0,-0.37814046415093,0.0,-3761.2583066225716,0.0,1440.0,-16335.668051320175,BTC/USDT:USDT,BTCUSDT,60,10,60,30m,3m,15m,4h,5m,legacy_classic,legacy_classic,True,0.1,0.12,0.14,0.1,0.08,0.08,0.12,0.16,0.1,0.58,0.58,2,1.2,2.8,1.0,1.5,1.0,0.7685441169364544,178,301,True,0.001,0.0001,True,68,188,33,231,57,29,74.69578123614937,39.84647805124797,28,62,1.2755759590049016,0.19900342692290618,1.6905424961107771,2.503743911241874,0.6610348195523209,4.159018505197935,0.5047471098002252
legacy_classic,2,0.0,-0.19347259203309491,0.0,-12.079608353947998,-0.10151458718562686,4.63768115942029,-13.458962924041385,BTC/USDT:USDT,BTCUSDT,60,10,60,15m,15m,15m,15m,1h,legacy_classic,legacy_classic,True,0.1,0.12,0.14,0.1,0.08,0.08,0.12,0.16,0.1,0.58,0.58,2,1.2,2.8,1.0,1.5,1.0,0.23255358291877043,318,284,True,0.001,0.0001,True,46,269,71,151,47,24,55.93095827390991,36.625802587199296,11,115,0.603617108437836,0.5079075679635616,2.103506884428976,5.272519437935665,2.091271542311385,1.486504580425517,0.5969991918494855
legacy_classic,2,0.0,-1.0759832061147163,0.0,-38.802215840228705,-0.5267930603092361,11.65991902834008,-188.18815588727023,BTC/USDT:USDT,BTCUSDT,60,10,60,30m,3m,1m,1h,5m,legacy_classic,legacy_classic,True,0.1,0.12,0.14,0.1,0.08,0.08,0.12,0.16,0.1,0.58,0.58,2,1.2,2.8,1.0,1.5,1.0,0.8748845485910405,367,142,True,0.001,0.0001,True,51,119,64,166,109,13,69.88361527831626,42.39018357763822,10,119,0.9105247536559851,0.9861191908821102,1.3250688764326093,5.6441544185757975,2.505826082780558,1.695684600505698,1.3874335325452125
legacy_classic,1,0.0,-0.08566998485791753,0.0,-2244.798871488302,0.0,1440.0,-3700.9433458620374,BTC/USDT:USDT,BTCUSDT,60,10,60,30m,15m,15m,1h,5m,legacy_classic,legacy_classic,False,0.1,0.12,0.14,0.1,0.08,0.08,0.12,0.16,0.1,0.58,0.58,2,1.2,2.8,1.0,1.5,1.0,0.19445644157748868,103,350,True,0.001,0.0001,True,40,206,28,53,69,30,60.561550635030855,31.34323587716456,28,92,0.8957987806231917,0.6558634245353954,1.8880091158554637,5.013973583950641,1.4437999082209247,3.533373267645419,0.9136708266177864
legacy_classic,3,33.33333333333333,-0.2588201106155414,0.27176488699588297,-6.733502571980567,-0.20669501730704612,6.956521739130435,-18.004877260211572,BTC/USDT:USDT,BTCUSDT,60,10,60,5m,5m,3m,1h,5m,legacy_classic,legacy_classic,True,0.1,0.12,0.14,0.1,0.08,0.08,0.12,0.16,0.1,0.58,0.58,2,1.2,2.8,1.0,1.5,1.0,0.14302979818947287,415,215,True,0.001,0.0001,True,29,137,18,112,75,13,63.201595342673485,43.42918688786724,20,41,0.6115538481335376,0.6089472582790194,0.8,2.1506296540491014,2.296959692536796,0.8,1.5880748613968032
legacy_classic,3,33.33333333333333,-0.1256885515028718,0.2653232792563198,-5.45262183213759,-0.09949541015026148,6.956521739130435,-8.74355140889543,BTC/USDT:USDT,BTCUSDT,60,10,60,5m,5m,3m,1h,15m,legacy_classic,legacy_classic,True,0.1,0.12,0.14,0.1,0.08,0.08,0.12,0.16,0.1,0.58,0.58,2,1.2,2.8,1.0,1.5,1.0,0.1,577,215,True,0.001,0.0001,True,29,105,22,96,50,11,63.201595342673485,47.208913120176504,18,41,0.6126595490741952,0.6089472582790194,1.1619579773411854,2.1506296540491014,2.1292441419366424,0.9617030581958147,1.600879995744412
legacy_classic,1,0.0,-0.35550167092757257,0.0,-3643.8761637594635,0.0,1440.0,-15357.672184071134,BTC/USDT:USDT,BTCUSDT,60,10,60,30m,15m,3m,4h,15m,legacy_classic,legacy_classic,False,0.1,0.12,0.14,0.1,0.08,0.08,0.12,0.16,0.1,0.58,0.58,2,1.2,2.8,1.0,1.5,1.0,0.9136032206229161,344,119,True,0.001,0.0001,True,50,143,43,116,68,27,57.64291513665634,40.741614416864095,17,97,1.4716902602868527,0.5430738567639755,2.1375998895238,4.21620581213525,2.6675240132285607,2.139041708135946,0.6316670492952519
feature_prob,1,0.0,-0.605905548039803,0.0,-4941.470266586379,0.0,1440.0,-26175.11967531949,BTC/USDT:USDT,BTCUSDT,60,10,60,15m,1m,3m,1h,1h,feature_prob,feature_prob,True,0.16736270500921205,0.07259387490289648,0.18597909577314953,0.21875311841305484,0.24103201427779994,0.16409136956208475,0.22187859635021534,0.21596348769213963,0.022181266310242722,0.5425049485981505,0.6628103262731728,4,1.1876926832824932,3.1023186089286474,1.2895725808610612,1.503377841536348,1.2638859852332296,0.8012852927454184,201,79,True,0.001,0.0001,True,50,200,50,200,96,14,58.0,42.0,14,96,1.25,0.55,1.1,3.2,1.0,1.5,1.0
legacy_classic,2,0.0,-0.5141081877591392,0.0,-16.548541133681475,-0.2855630869160012,6.088794926004228,-46.95448987567614,BTC/USDT:USDT,BTCUSDT,60,10,60,15m,3m,1m,15m,15m,legacy_classic,legacy_classic,True,0.1,0.12,0.14,0.1,0.08,0.08,0.12,0.16,0.1,0.58,0.58,2,1.2,2.8,1.0,1.5,1.0,0.9202984009627269,294,256,True,0.001,0.0001,True,23,252,20,223,88,27,74.36356005419928,47.80927022923824,28,105,0.8076318744828207,0.35546778770106435,3.3494013743028788,2.0114200032103025,1.6502870579128464,3.832491366374737,1.2316040996652258
legacy_classic,2,0.0,-0.5896493634873976,0.0,-17.481372535351724,-0.327522681888124,6.088794926004228,-53.85381078785534,BTC/USDT:USDT,BTCUSDT,60,10,60,30m,15m,3m,4h,5m,legacy_classic,legacy_classic,True,0.1,0.12,0.14,0.1,0.08,0.08,0.12,0.16,0.1,0.58,0.58,2,1.2,2.8,1.0,1.5,1.0,0.8532970234453183,210,338,True,0.001,0.0001,True,75,115,46,70,127,17,65.33222799232661,37.96150126126706,17,79,0.7429933468272857,0.17985473283843478,2.7076931353840834,3.52279807523262,2.809507919466292,1.6927080699643522,0.5110008228397191
legacy_classic,3,0.0,-0.10659237935061576,0.0,-10.788699376802825,-0.07487851941136654,6.486486486486486,-6.914100282202103,BTC/USDT:USDT,BTCUSDT,60,10,60,30m,15m,3m,1h,15m,legacy_classic,legacy_classic,False,0.1,0.12,0.14,0.1,0.08,0.08,0.12,0.16,0.1,0.58,0.58,2,1.2,2.8,1.0,1.5,1.0,0.12756487218437204,589,152,True,0.001,0.0001,True,59,198,70,226,98,7,56.21823094903329,46.453201398520726,15,115,0.9898274397390654,0.3648128159689602,3.3457419153371584,3.252906508357494,1.589735261927614,1.7764418307472316,1.3750463173463703
legacy_classic,3,0.0,-0.3429881629022199,0.0,-13.182736449961325,-0.2456066854643706,6.967741935483871,-23.898530060283708,BTC/USDT:USDT,BTCUSDT,60,10,60,15m,3m,3m,15m,5m,legacy_classic,legacy_classic,True,0.1,0.12,0.14,0.1,0.08,0.08,0.12,0.16,0.1,0.58,0.58,2,1.2,2.8,1.0,1.5,1.0,0.14337797919632603,284,72,True,0.001,0.0001,True,47,179,22,85,59,16,68.95382450440025,48.33511621756443,7,115,0.8672283887893788,0.8460920355457129,1.2246628355116007,2.587773829964412,1.3671018675867912,1.9995276636530586,0.5525081175528345
legacy_classic,3,33.33333333333333,-0.1156394801338925,0.2818806653557518,-6.944088315471385,-0.08944633878128216,9.113924050632912,-10.539294391949698,BTC/USDT:USDT,BTCUSDT,60,10,60,5m,5m,3m,1h,15m,legacy_classic,legacy_classic,True,0.1,0.12,0.14,0.1,0.08,0.08,0.12,0.16,0.1,0.58,0.58,2,1.2,2.8,1.0,1.5,1.0,0.1,577,215,True,0.001,0.0001,True,29,105,22,70,70,7,63.201595342673485,47.26958024661699,18,28,0.6126595490741952,0.4600652774299113,1.1619579773411854,2.4618471778409807,1.8392667674801515,0.8,1.600879995744412
legacy_classic,3,33.33333333333333,-0.18702310307737147,0.2931533127161453,-5.897053446941321,-0.1538769734685419,6.956521739130435,-13.010302822773667,BTC/USDT:USDT,BTCUSDT,60,10,60,5m,5m,3m,1h,15m,legacy_classic,legacy_classic,True,0.1,0.12,0.14,0.1,0.08,0.08,0.12,0.16,0.1,0.58,0.58,2,1.2,2.8,1.0,1.5,1.0,0.17679614328106596,577,215,True,0.001,0.0001,True,30,109,30,68,50,11,64.20308655469526,47.208913120176504,17,41,0.6126595490741952,0.6089472582790194,1.3282891330786846,2.1506296540491014,2.296238084144382,0.8,1.5455572670458708
legacy_classic,1,0.0,-0.27426640658849466,0.0,-3222.671318161345,0.0,1440.0,-11848.308764622969,BTC/USDT:USDT,BTCUSDT,60,10,60,30m,15m,15m,4h,5m,legacy_classic,legacy_classic,True,0.1,0.12,0.14,0.1,0.08,0.08,0.12,0.16,0.1,0.58,0.58,2,1.2,2.8,1.0,1.5,1.0,0.6534641156762342,350,303,True,0.001,0.0001,True,31,282,32,199,38,29,54.075870156925816,38.60907565844947,17,110,1.3485226649891056,0.9303168165389524,1.9817988408976797,1.5475535092246497,2.622537445709866,4.097320302562559,0.9022190371343451
legacy_classic,1,0.0,-0.1708593898943007,0.0,-2686.505936601949,0.0,1440.0,-7381.12564343379,BTC/USDT:USDT,BTCUSDT,60,10,60,5m,5m,5m,15m,15m,legacy_classic,legacy_classic,False,0.1,0.12,0.14,0.1,0.08,0.08,0.12,0.16,0.1,0.58,0.58,2,1.2,2.8,1.0,1.5,1.0,0.22940267465912978,259,131,True,0.001,0.0001,True,21,262,51,92,35,9,53.21933812351053,42.960270130485014,14,82,1.4062888824665032,0.17459547661049452,1.1167862769333605,4.746033018484346,1.761386359088105,1.1371344201895373,1.994334273706634
legacy_classic,4,0.0,-1.2291323464880894,0.0,-23.164665812266016,-0.9724964298454931,9.27536231884058,-85.50485888612796,BTC/USDT:USDT,BTCUSDT,60,10,60,15m,5m,5m,15m,5m,legacy_classic,legacy_classic,True,0.1,0.12,0.14,0.1,0.08,0.08,0.12,0.16,0.1,0.58,0.58,2,1.2,2.8,1.0,1.5,1.0,0.6030994667308837,103,111,True,0.001,0.0001,True,51,246,35,66,73,20,54.835531284956254,42.233686967543704,17,147,0.84817253265087,0.4897867317649244,1.9547082714967448,3.715669048153491,1.720290034378082,2.9014373181426443,1.1578480799157713
legacy_classic,3,0.0,-1.2125575756066278,0.0,-26.302736558078735,-0.8346607875703704,9.133192389006343,-110.74521620762435,BTC/USDT:USDT,BTCUSDT,60,10,60,15m,5m,3m,4h,15m,legacy_classic,legacy_classic,False,0.1,0.12,0.14,0.1,0.08,0.08,0.12,0.16,0.1,0.58,0.58,2,1.2,2.8,1.0,1.5,1.0,0.9024692212164235,104,217,True,0.001,0.0001,True,45,109,25,106,111,23,57.5477413842214,37.82177494902883,10,88,0.9542858311456017,0.21755049127631437,1.9864134235777635,3.948225576485166,2.266834041319896,3.4319553143713684,1.876399847838385
legacy_classic,2,0.0,-0.7894731048604675,0.0,-19.94892561425231,-0.43851543746806876,6.088794926004228,-72.10409752636828,BTC/USDT:USDT,BTCUSDT,60,10,60,15m,3m,15m,4h,15m,legacy_classic,legacy_classic,False,0.1,0.12,0.14,0.1,0.08,0.08,0.12,0.16,0.1,0.58,0.58,2,1.2,2.8,1.0,1.5,1.0,0.5688990010986192,565,322,True,0.001,0.0001,True,22,140,18,133,147,11,55.15704342848378,42.919962282816236,11,102,0.8071427612224442,0.3024147169058797,1.348313488204386,2.181172002383097,2.569509359873302,2.2440297959389284,0.47107761354330246
legacy_classic,3,33.33333333333333,-0.11261287220232258,0.2653232792563564,-5.323147134962578,-0.08914466571534652,6.956521739130435,-7.833938935813744,BTC/USDT:USDT,BTCUSDT,60,10,60,5m,5m,3m,1h,15m,legacy_classic,legacy_classic,True,0.1,0.12,0.14,0.1,0.08,0.08,0.12,0.16,0.1,0.58,0.58,2,1.2,2.8,1.0,1.5,1.0,0.1,520,215,True,0.001,0.0001,True,29,105,17,89,50,9,63.201595342673485,45.23998110753932,18,47,0.7503701431460805,0.6089472582790194,1.2968749684034877,2.5437967129522474,2.359188583339477,0.8322511332953564,1.600879995744412
legacy_classic,2,0.0,-0.3698500196056078,0.0,-13.807859792378766,-0.21509447264012188,4.63768115942029,-25.728697016042283,BTC/USDT:USDT,BTCUSDT,60,10,60,5m,5m,3m,1h,1h,legacy_classic,legacy_classic,True,0.1,0.12,0.14,0.1,0.08,0.08,0.12,0.16,0.1,0.58,0.58,2,1.2,2.8,1.0,1.5,1.0,0.23547457489774645,651,250,True,0.001,0.0001,True,29,100,22,127,50,10,66.27503094949782,47.208913120176504,18,37,0.6126595490741952,0.6030122916290273,1.2656343106296903,2.7050603989681035,2.39721024946135,1.1645165453726891,1.9436491476261835
legacy_classic,1,0.0,-0.11690308425025092,0.0,-2406.742491837551,0.0,1440.0,-5050.21323961084,BTC/USDT:USDT,BTCUSDT,60,10,60,15m,5m,1m,4h,1h,legacy_classic,legacy_classic,False,0.1,0.12,0.14,0.1,0.08,0.08,0.12,0.16,0.1,0.58,0.58,2,1.2,2.8,1.0,1.5,1.0,0.42544273393644605,241,337,True,0.001,0.0001,True,67,250,37,46,71,12,74.29294392943692,25.841857951351933,27,115,1.2099993065529346,0.8680304132868278,3.0270917491924054,2.1953178748858337,2.0482844528741113,3.690580260009429,0.660815633541018
feature_prob,1,0.0,-0.3906510930531049,0.0,-3825.375917480349,0.0,1440.0,-16876.127219894133,BTC/USDT:USDT,BTCUSDT,60,10,60,15m,15m,15m,15m,5m,feature_prob,feature_prob,True,0.24066079078682778,0.2538554407045137,0.09119106562568913,0.07655417257837788,0.21542781860973811,0.11189663560020605,0.09412641697626466,0.04099728512261932,0.07630978902243726,0.613631708647877,0.6521067427300068,1,2.1655179999803997,2.5282318726248016,2.1512452627025476,1.1803641573558128,0.8600011271628338,0.5166200845512176,227,28,True,0.001,0.0001,True,50,200,50,200,96,14,58.0,42.0,14,96,1.25,0.55,1.1,3.2,1.0,1.5,1.0
feature_prob,1,0.0,-0.7341877307236842,0.0,-5606.6133838023015,0.0,1440.0,-31716.909967263156,BTC/USDT:USDT,BTCUSDT,60,10,60,15m,5m,3m,15m,1h,feature_prob,feature_prob,False,0.021007205285564642,0.11597361559633865,0.10214815321787954,0.17278928658288178,0.14229101398741636,0.18095016143445572,0.23225778489618668,0.2547890317055603,0.10843717377375423,0.6282639827877274,0.6834720684038659,1,1.3116259597106825,4.985393792467028,2.128995668726422,1.097598021476316,0.9750276790566386,0.9709332298511576,414,167,True,0.001,0.0001,True,50,200,50,200,96,14,58.0,42.0,14,96,1.25,0.55,1.1,3.2,1.0,1.5,1.0
legacy_classic,4,0.0,-0.6606180870978008,0.0,-17.521736633395893,-0.5031296382243292,9.27536231884058,-45.95604084158614,BTC/USDT:USDT,BTCUSDT,60,10,60,15m,15m,5m,15m,5m,legacy_classic,legacy_classic,True,0.1,0.12,0.14,0.1,0.08,0.08,0.12,0.16,0.1,0.58,0.58,2,1.2,2.8,1.0,1.5,1.0,0.581535130392624,442,87,True,0.001,0.0001,True,77,141,66,231,101,25,60.57778973955071,43.93550098997153,22,75,0.6984623366799304,0.40994123082888645,3.0714092841425744,2.4263002207407713,2.9763308276985723,1.1890742638808693,0.4339126482028838
legacy_classic,3,0.0,-0.9886208764181146,0.0,-19.5190332179436,-0.6822531417893312,6.956521739130435,-68.77362618560797,BTC/USDT:USDT,BTCUSDT,60,10,60,30m,15m,15m,4h,5m,legacy_classic,legacy_classic,False,0.1,0.12,0.14,0.1,0.08,0.08,0.12,0.16,0.1,0.58,0.58,2,1.2,2.8,1.0,1.5,1.0,0.6631725083766694,622,238,True,0.001,0.0001,True,68,101,48,245,43,7,62.56855175222739,43.978308461148174,8,95,0.8812922575417219,0.5526019504329209,1.800503342292739,2.983330373184505,1.678872893734936,1.9879220003936235,0.7332187063718467
legacy_classic,3,0.0,-1.3361905126002414,0.0,-22.19320649346553,-0.9599872390608173,6.4767616191904045,-86.54187427935597,BTC/USDT:USDT,BTCUSDT,60,10,60,5m,1m,3m,4h,5m,legacy_classic,legacy_classic,False,0.1,0.12,0.14,0.1,0.08,0.08,0.12,0.16,0.1,0.58,0.58,2,1.2,2.8,1.0,1.5,1.0,0.768246414472651,657,39,True,0.001,0.0001,True,78,248,55,58,85,24,56.986840765894954,33.97489102145731,30,63,0.8280366872274475,0.4651692088342766,1.6985894196402036,1.9536973042983572,2.5428292424624352,3.850530646734197,1.8867622708722567
legacy_classic,2,0.0,-0.1930419458983908,0.0,-12.083110011977409,-0.11226782033083266,4.63768115942029,-13.429004932061968,BTC/USDT:USDT,BTCUSDT,60,10,60,5m,5m,3m,1h,5m,legacy_classic,legacy_classic,True,0.1,0.12,0.14,0.1,0.08,0.08,0.12,0.16,0.1,0.58,0.58,2,1.2,2.8,1.0,1.5,1.0,0.1,555,244,True,0.001,0.0001,True,35,107,17,100,50,7,63.777937168538486,43.97469256955504,21,42,0.8028533616808343,0.6089472582790194,1.02976512051494,2.321379379679594,2.0710497903277365,0.8322511332953564,1.4773097939240094
legacy_classic,3,0.0,-0.30164285506262395,0.0,-12.771206084861923,-0.21643019337640046,6.956521739130435,-20.983850786965146,BTC/USDT:USDT,BTCUSDT,60,10,60,5m,5m,5m,1h,15m,legacy_classic,legacy_classic,True,0.1,0.12,0.14,0.1,0.08,0.08,0.12,0.16,0.1,0.58,0.58,2,1.2,2.8,1.0,1.5,1.0,0.13285924986632847,520,189,True,0.001,0.0001,True,30,130,17,89,50,8,63.201595342673485,47.711991842780705,20,63,0.7503701431460805,0.6089472582790194,1.2968749684034877,2.5437967129522474,2.2430270357608837,0.8,1.600879995744412
feature_prob,1,0.0,-0.5691956244736205,0.0,-4751.129312895722,0.0,1440.0,-24589.250977260406,BTC/USDT:USDT,BTCUSDT,60,10,60,30m,15m,1m,1h,5m,feature_prob,feature_prob,False,0.1645012202524507,0.09223557264457902,0.14681377717230007,0.20441416998998072,0.21274064498262835,0.10585207783132655,0.24018309058527196,0.09531461369680304,0.1193851842506607,0.6624760108554784,0.6420028815158958,1,2.2172549042872935,4.571167759504021,2.3988058941945845,1.661727845703743,2.4380556635342447,0.7527379210526637,540,121,True,0.001,0.0001,True,50,200,50,200,96,14,58.0,42.0,14,96,1.25,0.55,1.1,3.2,1.0,1.5,1.0
legacy_classic,2,0.0,-0.31608112166758395,0.0,-13.293852987670089,-0.19275120321842926,4.64516129032258,-22.02371686458004,BTC/USDT:USDT,BTCUSDT,60,10,60,30m,15m,15m,4h,5m,legacy_classic,legacy_classic,True,0.1,0.12,0.14,0.1,0.08,0.08,0.12,0.16,0.1,0.58,0.58,2,1.2,2.8,1.0,1.5,1.0,0.13090390067492355,573,257,True,0.001,0.0001,True,80,153,56,233,68,19,70.1766632525744,48.09206130300133,25,92,0.7217444540256857,0.6915500722134367,0.8828655818155752,3.2228772005240685,1.9048018450848985,2.0105633652509196,0.8824553233422447
legacy_classic,3,0.0,-1.1593950435146094,0.0,-20.42046799375172,-0.8144154877019265,6.390532544378698,-74.09151757371468,BTC/USDT:USDT,BTCUSDT,60,10,60,15m,5m,1m,4h,1h,legacy_classic,legacy_classic,False,0.1,0.12,0.14,0.1,0.08,0.08,0.12,0.16,0.1,0.58,0.58,2,1.2,2.8,1.0,1.5,1.0,0.9368197312500608,527,216,True,0.001,0.0001,True,35,207,52,66,66,28,50.397327287208505,40.122289940347954,13,42,0.911525367645294,0.9240049807006596,2.258775733637468,4.790225570742457,2.2103837040905825,1.0472120688575197,1.6187389240013084
legacy_classic,2,0.0,-1.134389410985847,0.0,-40.10645961878527,-0.5553882867312281,11.65991902834008,-198.4033301805206,BTC/USDT:USDT,BTCUSDT,60,10,60,15m,15m,15m,15m,15m,legacy_classic,legacy_classic,False,0.1,0.12,0.14,0.1,0.08,0.08,0.12,0.16,0.1,0.58,0.58,2,1.2,2.8,1.0,1.5,1.0,0.7651708487400793,143,60,True,0.001,0.0001,True,68,216,58,119,111,18,57.46987989746484,40.437000037287405,8,73,0.9502717424878484,0.9683277020500944,1.0992322255382505,2.9887063624460386,2.6521682235563127,1.7254376340475435,1.1522791990651762
legacy_classic,2,0.0,-0.12600807254287638,0.0,-11.429199498021866,-0.07328278619779546,4.63768115942029,-8.765778959504443,BTC/USDT:USDT,BTCUSDT,60,10,60,5m,5m,3m,1h,15m,legacy_classic,legacy_classic,True,0.1,0.12,0.14,0.1,0.08,0.08,0.12,0.16,0.1,0.58,0.58,2,1.2,2.8,1.0,1.5,1.0,0.1,467,250,True,0.001,0.0001,True,29,114,19,94,43,8,63.201595342673485,47.724170516554736,18,46,0.7503701431460805,0.6089472582790194,1.5775803777559885,2.5437967129522474,2.277798707424596,0.8322511332953564,1.4253063613222592
legacy_classic,3,33.33333333333333,-0.09858199490143026,0.45510713510561557,-4.064537140311602,-0.10521801043069941,6.956521739130435,-6.857877906186452,BTC/USDT:USDT,BTCUSDT,60,10,60,5m,5m,3m,1h,15m,legacy_classic,legacy_classic,True,0.1,0.12,0.14,0.1,0.08,0.08,0.12,0.16,0.1,0.58,0.58,2,1.2,2.8,1.0,1.5,1.0,0.1,549,215,True,0.001,0.0001,True,20,105,18,89,26,7,63.201595342673485,45.23998110753932,22,42,0.7186481698276691,0.6089472582790194,1.0987613723134815,2.101189392368941,2.428786251800549,0.8322511332953564,1.2236127249851285
legacy_classic,2,0.0,-0.07754571882804182,0.0,-16.50653879796017,-0.03796578450588606,11.65991902834008,-13.562652037940916,BTC/USDT:USDT,BTCUSDT,60,10,60,15m,1m,3m,15m,5m,legacy_classic,legacy_classic,True,0.1,0.12,0.14,0.1,0.08,0.08,0.12,0.16,0.1,0.58,0.58,2,1.2,2.8,1.0,1.5,1.0,0.11296044454009191,330,90,True,0.001,0.0001,True,20,189,47,72,84,27,69.82375955390312,29.378585397910676,27,37,0.7449904480667497,0.971503795814085,2.3738964250071493,1.6883232324081294,2.3892402826505297,3.024305726668663,2.2056196508614505
feature_prob,1,0.0,-0.5874658117223075,0.0,-4845.860233780164,0.0,1440.0,-25378.523066403683,BTC/USDT:USDT,BTCUSDT,60,10,60,30m,1m,3m,4h,1h,feature_prob,feature_prob,False,0.14652605891309317,0.17877580612819813,0.12889873564214216,0.17389786139827917,0.17006958778737194,0.02490985402055759,0.04797754185609044,0.10093139608438895,0.07492820134049942,0.6612103913253784,0.6380101307202635,2,1.877186359166531,4.9776503235455065,2.1922062617623594,3.116931900572556,0.8607210574273549,0.7768994960463889,308,276,True,0.001,0.0001,True,50,200,50,200,96,14,58.0,42.0,14,96,1.25,0.55,1.1,3.2,1.0,1.5,1.0
legacy_classic,2,0.0,-0.7745675141046632,0.0,-19.76486171819279,-0.4302360779677134,6.088794926004228,-70.74274124592273,BTC/USDT:USDT,BTCUSDT,60,10,60,15m,15m,3m,1h,5m,legacy_classic,legacy_classic,True,0.1,0.12,0.14,0.1,0.08,0.08,0.12,0.16,0.1,0.58,0.58,2,1.2,2.8,1.0,1.5,1.0,0.9183470373507104,416,301,True,0.001,0.0001,True,72,263,35,245,62,15,74.88425572910032,43.47464030121567,11,138,0.7241425106566435,0.24358644273376956,2.218403788045726,4.522734003168171,2.432246315492406,3.4464491482063364,1.8448420671643517
legacy_classic,2,0.0,-0.45727498949884177,0.0,-15.836157104692315,-0.2539981224825513,6.075949367088608,-41.67569524546406,BTC/USDT:USDT,BTCUSDT,60,10,60,15m,1m,15m,4h,1h,legacy_classic,legacy_classic,False,0.1,0.12,0.14,0.1,0.08,0.08,0.12,0.16,0.1,0.58,0.58,2,1.2,2.8,1.0,1.5,1.0,0.8022412164024434,365,304,True,0.001,0.0001,True,57,174,62,231,133,27,61.30639752845079,41.612655630913785,9,131,0.9013489753351438,0.5021251971598596,3.2826717295628596,5.428988855419405,2.6743205855449896,2.004602160961038,1.9091581010089094
legacy_classic,3,0.0,-1.0350755594545988,0.0,-19.281657621183115,-0.7270874334654158,6.390532544378698,-66.14684048585602,BTC/USDT:USDT,BTCUSDT,60,10,60,5m,5m,5m,1h,15m,legacy_classic,legacy_classic,False,0.1,0.12,0.14,0.1,0.08,0.08,0.12,0.16,0.1,0.58,0.58,2,1.2,2.8,1.0,1.5,1.0,0.5781203277950259,626,207,True,0.001,0.0001,True,63,186,16,82,47,28,70.113134853759,38.13850635239185,18,67,0.7305282513777204,0.9453320289905032,1.5613300190947603,2.8905533585242313,2.9882019131415594,1.6409148695365277,1.1947697371108026
legacy_classic,3,33.33333333333333,-0.10448037148188989,0.422505002065336,-4.315286937022793,-0.10521801043069941,6.956521739130435,-7.2681997552619055,BTC/USDT:USDT,BTCUSDT,60,10,60,5m,5m,3m,1h,15m,legacy_classic,legacy_classic,True,0.1,0.12,0.14,0.1,0.08,0.08,0.12,0.16,0.1,0.58,0.58,2,1.2,2.8,1.0,1.5,1.0,0.1,538,215,True,0.001,0.0001,True,22,109,16,89,26,7,61.71826435846714,45.23998110753932,22,32,0.7186481698276691,0.6089472582790194,1.0987613723134815,1.9047923206261512,2.220989518332861,0.8322511332953564,1.288421808444647
legacy_classic,3,0.0,-0.3073760413813852,0.0,-12.8235366239695,-0.22052017420465542,6.945337620578778,-21.34830383870714,BTC/USDT:USDT,BTCUSDT,60,10,60,5m,5m,3m,1h,15m,legacy_classic,legacy_classic,True,0.1,0.12,0.14,0.1,0.08,0.08,0.12,0.16,0.1,0.58,0.58,2,1.2,2.8,1.0,1.5,1.0,0.1,549,190,True,0.001,0.0001,True,20,100,21,72,26,9,63.201595342673485,44.46308130102276,24,42,0.7186481698276691,0.633388071358336,0.957659854806566,1.8015553261107202,2.3653359934778257,0.8322511332953564,1.2236127249851285
legacy_classic,2,0.0,-0.336798229767597,0.0,-22.295794840432745,-0.1648938098268884,11.65991902834008,-58.90560131967688,BTC/USDT:USDT,BTCUSDT,60,10,60,30m,3m,5m,1h,1h,legacy_classic,legacy_classic,False,0.1,0.12,0.14,0.1,0.08,0.08,0.12,0.16,0.1,0.58,0.58,2,1.2,2.8,1.0,1.5,1.0,0.6687696982111416,353,58,True,0.001,0.0001,True,45,279,41,211,29,8,68.24077983104927,31.49624734315387,13,24,0.9825153021668351,0.9769605054858026,3.235936469998485,3.975617124922647,2.4015108895252055,3.756419974011025,1.2759497593433555
legacy_classic,1,0.0,-0.13442074761634892,0.0,-2497.571576390769,0.0,1440.0,-5806.976297026274,BTC/USDT:USDT,BTCUSDT,60,10,60,15m,1m,3m,4h,5m,legacy_classic,legacy_classic,False,0.1,0.12,0.14,0.1,0.08,0.08,0.12,0.16,0.1,0.58,0.58,2,1.2,2.8,1.0,1.5,1.0,0.5071854826450045,206,87,True,0.001,0.0001,True,23,125,58,104,103,15,73.18700466469933,34.626382029676435,11,114,1.2148693511209474,0.24494728581286526,3.138419188132797,2.485661669803163,0.7700124890959024,2.4330879881159104,1.6463582601488755
legacy_classic,3,0.0,-0.8243421873984504,0.0,-17.436576843746725,-0.5790760683459674,6.4767616191904045,-53.39067840421748,BTC/USDT:USDT,BTCUSDT,60,10,60,15m,3m,15m,1h,1h,legacy_classic,legacy_classic,True,0.1,0.12,0.14,0.1,0.08,0.08,0.12,0.16,0.1,0.58,0.58,2,1.2,2.8,1.0,1.5,1.0,0.3365968013666239,146,101,True,0.001,0.0001,True,38,172,69,196,33,27,70.7585472515247,32.87202618039708,24,82,0.6807591316694507,0.5494064101021198,1.1415182740922873,4.446841574340722,1.9423746620044262,1.3912815551491118,1.356434708039842
legacy_classic,4,0.0,-1.590649555236684,0.0,-25.0542652400133,-1.2450466574737404,8.648648648648647,-103.1772684477849,BTC/USDT:USDT,BTCUSDT,60,10,60,5m,1m,1m,15m,15m,legacy_classic,legacy_classic,False,0.1,0.12,0.14,0.1,0.08,0.08,0.12,0.16,0.1,0.58,0.58,2,1.2,2.8,1.0,1.5,1.0,0.9842626242618343,442,16,True,0.001,0.0001,True,28,235,28,161,119,25,58.17461771373664,37.68774566813055,24,147,0.6842677408863578,0.759780319944204,2.3688854550990435,2.7271606757248255,2.8459688176093882,1.3830867761441317,2.2509450566376703
legacy_classic,2,0.0,-0.13871511221923954,0.0,-20.386481670012962,-0.07419599695043619,13.333333333333334,-27.74302244384791,BTC/USDT:USDT,BTCUSDT,60,10,60,30m,1m,15m,4h,1h,legacy_classic,legacy_classic,True,0.1,0.12,0.14,0.1,0.08,0.08,0.12,0.16,0.1,0.58,0.58,2,1.2,2.8,1.0,1.5,1.0,0.16692672687602156,718,109,True,0.001,0.0001,True,26,222,23,121,49,9,51.667282219614506,29.06204866679736,15,49,0.8200996354957497,0.7464609849085753,2.1520279976854892,5.973003008508488,2.717090563948333,4.374766178734112,1.3231608916472672
legacy_classic,3,33.33333333333333,-0.1394603061832309,0.4728019991191809,-4.374529468886026,-0.15384396480937046,6.956521739130435,-9.701586517094324,BTC/USDT:USDT,BTCUSDT,60,10,60,5m,5m,3m,1h,15m,legacy_classic,legacy_classic,True,0.1,0.12,0.14,0.1,0.08,0.08,0.12,0.16,0.1,0.58,0.58,2,1.2,2.8,1.0,1.5,1.0,0.14621447809137006,560,215,True,0.001,0.0001,True,20,110,21,89,30,7,62.56492927705356,44.29043532789695,20,50,0.7186481698276691,0.6089472582790194,1.0987613723134815,1.9641510724962352,2.615621839990224,1.0340098325505092,1.1884374830079087
legacy_classic,3,0.0,-0.3166821238896498,0.0,-12.915076879231322,-0.22719661823283233,6.945337620578778,-21.99464268815574,BTC/USDT:USDT,BTCUSDT,60,10,60,5m,5m,3m,1h,15m,legacy_classic,legacy_classic,True,0.1,0.12,0.14,0.1,0.08,0.08,0.12,0.16,0.1,0.58,0.58,2,1.2,2.8,1.0,1.5,1.0,0.1,576,171,True,0.001,0.0001,True,20,100,16,72,39,7,60.951904944664165,45.875671625337354,22,34,0.7186481698276691,0.6621108240632982,0.9295178759849636,2.101189392368941,2.808127397302564,0.8322511332953564,1.5308967049304414
feature_prob,1,0.0,-0.09531424392452931,0.0,-2294.0543547486845,0.0,1440.0,-4117.575337539666,BTC/USDT:USDT,BTCUSDT,60,10,60,1h,1m,5m,1h,5m,feature_prob,feature_prob,False,0.07638654223233485,0.257110878393278,0.32424112174667513,0.23364174915323327,0.11861051670068778,0.089738869201239,0.031229272390146286,0.1948898274616772,0.05515134214908343,0.5381366318483815,0.560436525554811,3,1.6102742936259187,3.475581861171853,1.5113904037998487,2.279861611184565,1.3266525045553679,0.12604918719255157,270,263,True,0.001,0.0001,True,50,200,50,200,96,14,58.0,42.0,14,96,1.25,0.55,1.1,3.2,1.0,1.5,1.0
feature_prob,1,0.0,-0.3573843169063256,0.0,-3652.887683159298,0.0,1440.0,-15439.002490353267,BTC/USDT:USDT,BTCUSDT,60,10,60,5m,3m,3m,15m,5m,feature_prob,feature_prob,False,0.026794791903157183,0.19826351245684193,0.34788284704122385,0.14466171465096564,0.08775909466112064,0.1349965916692201,0.19665330404399498,0.1846808888182082,0.04283338807848659,0.6615552908570801,0.6052729750151608,1,0.8054075729687054,3.4787353300074946,1.8630618489507376,3.388221733036776,2.158947213012757,0.47262613442201806,252,221,True,0.001,0.0001,True,50,200,50,200,96,14,58.0,42.0,14,96,1.25,0.55,1.1,3.2,1.0,1.5,1.0
legacy_classic,4,0.0,-3.1141406361530786,0.0,-41.825689191944164,-2.458630309014735,9.27536231884058,-216.63587034108372,BTC/USDT:USDT,BTCUSDT,60,10,60,30m,1m,3m,1h,5m,legacy_classic,legacy_classic,True,0.1,0.12,0.14,0.1,0.08,0.08,0.12,0.16,0.1,0.58,0.58,2,1.2,2.8,1.0,1.5,1.0,0.8871284312359876,461,103,True,0.001,0.0001,True,70,111,31,167,128,16,66.57279461823515,44.27779308763354,18,138,0.6789615741061406,0.15424885189816084,1.1256863573085423,2.0635641644920337,1.3139681858439893,2.697122839247117,1.7688767709743605
legacy_classic,2,0.0,-0.39882527843717197,0.0,-13.861481293688495,-0.23277215411080163,4.31784107946027,-25.830962561448022,BTC/USDT:USDT,BTCUSDT,60,10,60,15m,5m,1m,15m,5m,legacy_classic,legacy_classic,True,0.1,0.12,0.14,0.1,0.08,0.08,0.12,0.16,0.1,0.58,0.58,2,1.2,2.8,1.0,1.5,1.0,0.6482135063283483,151,333,True,0.001,0.0001,True,44,215,29,226,42,9,70.88224819442812,34.54644986355263,30,36,0.9878327356641641,0.605346312638175,3.2469938594379784,2.321298668261763,1.2344405493203332,3.8793790392662926,1.048029381559958
legacy_classic,2,0.0,-0.6375803645465687,0.0,-29.01243100694975,-0.31215441795357923,11.65991902834008,-111.51203137008814,BTC/USDT:USDT,BTCUSDT,60,10,60,30m,15m,15m,1h,5m,legacy_classic,legacy_classic,True,0.1,0.12,0.14,0.1,0.08,0.08,0.12,0.16,0.1,0.58,0.58,2,1.2,2.8,1.0,1.5,1.0,0.8083928267306064,210,65,True,0.001,0.0001,True,69,118,19,215,149,8,70.02579687245742,30.82337593892158,16,81,0.6653200006454786,0.652581956877318,2.06623977377255,5.858537965990262,1.323625288131722,3.654028601128319,1.4764887631203019
legacy_classic,3,0.0,-0.19558885462675588,0.0,-11.723930253465932,-0.1403209179900424,6.945337620578778,-13.58430630205121,BTC/USDT:USDT,BTCUSDT,60,10,60,5m,5m,3m,1h,15m,legacy_classic,legacy_classic,True,0.1,0.12,0.14,0.1,0.08,0.08,0.12,0.16,0.1,0.58,0.58,2,1.2,2.8,1.0,1.5,1.0,0.1,600,180,True,0.001,0.0001,True,20,105,13,67,33,11,63.201595342673485,44.264269079251065,19,48,0.7186481698276691,0.6955627791839863,1.5050023976164064,2.101189392368941,2.428786251800549,0.8322511332953564,1.414713686751342
legacy_classic,2,0.0,-0.18091995923003729,0.0,-11.964860921843142,-0.1052180104306994,4.63768115942029,-12.585736294263462,BTC/USDT:USDT,BTCUSDT,60,10,60,5m,5m,5m,1h,15m,legacy_classic,legacy_classic,True,0.1,0.12,0.14,0.1,0.08,0.08,0.12,0.16,0.1,0.58,0.58,2,1.2,2.8,1.0,1.5,1.0,0.1,531,241,True,0.001,0.0001,True,20,105,18,89,26,7,66.44572739598203,43.62027300207702,22,55,0.8550117168925522,0.6089472582790194,1.0987613723134815,2.101189392368941,2.8425766560307766,0.8322511332953564,1.1083387646504563
feature_prob,1,0.0,-0.19856381205057835,0.0,-2829.403365482249,0.0,1440.0,-8577.956680584984,BTC/USDT:USDT,BTCUSDT,60,10,60,30m,5m,5m,1h,1h,feature_prob,feature_prob,False,0.18154748362057185,0.06376475775740292,0.06623274774058935,0.06897210138241147,0.19460385992235632,0.22609988087512417,0.2487264829008173,0.30871074849470226,0.24427651788187377,0.5923467333395216,0.593155960447504,3,1.2468573314580171,4.619770451400285,1.4536593872771446,1.5716135710847783,2.0496439039635694,0.2625925159165929,81,205,True,0.001,0.0001,True,50,200,50,200,96,14,58.0,42.0,14,96,1.25,0.55,1.1,3.2,1.0,1.5,1.0
feature_prob,1,0.0,-0.3784020392324526,0.0,-3761.8645734202664,0.0,1440.0,-16346.968094841952,BTC/USDT:USDT,BTCUSDT,60,10,60,15m,3m,5m,4h,1h,feature_prob,feature_prob,False,0.15532868282540793,0.1380633307154703,0.055555492710231455,0.1819669745841669,0.21663697895097406,0.18695476209339762,0.21194226885056636,0.19930698375804984,0.1942936367813579,0.6283303896757596,0.5368774911374231,1,1.2915143876300914,1.4805692411299682,1.5123613533967615,1.6691710935013857,1.1116128493315394,0.5004212121225218,401,68,True,0.001,0.0001,True,50,200,50,200,96,14,58.0,42.0,14,96,1.25,0.55,1.1,3.2,1.0,1.5,1.0
feature_prob,1,0.0,-0.4816106616357832,0.0,-4297.001280581535,0.0,1440.0,-20805.580582665832,BTC/USDT:USDT,BTCUSDT,60,10,60,1h,1m,3m,1h,1h,feature_prob,feature_prob,True,0.21916714212212415,0.08112305052793187,0.2701484868458829,0.15968531987001167,0.2222099878271266,0.1581519219183164,0.21259696544365234,0.1312349328904529,0.23706328851048578,0.5433295037629933,0.5610318471946244,2,1.266952535429426,4.884436886930558,1.3500214402497566,3.4941974380506475,1.7133175672714476,0.6369103918038266,101,258,True,0.001,0.0001,True,50,200,50,200,96,14,58.0,42.0,14,96,1.25,0.55,1.1,3.2,1.0,1.5,1.0
legacy_classic,2,0.0,-0.32205582744706807,0.0,-13.12335234256621,-0.18795231347197855,4.260355029585799,-20.581082464072992,BTC/USDT:USDT,BTCUSDT,60,10,60,15m,5m,15m,1h,1h,legacy_classic,legacy_classic,False,0.1,0.12,0.14,0.1,0.08,0.08,0.12,0.16,0.1,0.58,0.58,2,1.2,2.8,1.0,1.5,1.0,0.46077071338066367,552,247,True,0.001,0.0001,True,42,135,52,170,125,24,58.094336267696335,34.60434579789664,24,112,0.6342580721870433,0.963016010912276,2.8579534600540333,2.703179955005095,2.919354571047499,2.5647273268031334,0.7523879623522566
legacy_classic,5,0.0,-2.4139226809125915,0.0,-35.13597115564151,-2.0272610603144328,10.81081081081081,-156.57876849162756,BTC/USDT:USDT,BTCUSDT,60,10,60,15m,5m,15m,4h,1h,legacy_classic,legacy_classic,True,0.1,0.12,0.14,0.1,0.08,0.08,0.12,0.16,0.1,0.58,0.58,2,1.2,2.8,1.0,1.5,1.0,0.5683663487940944,366,32,True,0.001,0.0001,True,73,215,47,127,127,12,66.7328581808846,41.972867911017865,19,139,0.6049619365806964,0.3278190324110576,1.2226657108088923,1.9473272504420716,1.8357265630221602,3.163797266617606,1.3392293732541058
legacy_classic,5,0.0,-3.475257657637642,0.0,-45.6291288402859,-2.905757055460684,10.95890410958904,-228.51009255699563,BTC/USDT:USDT,BTCUSDT,60,10,60,5m,1m,1m,15m,15m,legacy_classic,legacy_classic,True,0.1,0.12,0.14,0.1,0.08,0.08,0.12,0.16,0.1,0.58,0.58,2,1.2,2.8,1.0,1.5,1.0,0.6585878895890436,575,28,True,0.001,0.0001,True,47,216,40,165,136,23,63.29085284574809,40.46396672064817,9,85,0.7711482924277895,0.2501965514082591,0.9619001570318306,2.2242348836990873,2.020190835472655,2.663995997194951,0.9401492244671302
legacy_classic,3,0.0,-0.5759692497373368,0.0,-15.46685531255142,-0.40399276367423864,6.956521739130435,-40.06742606868429,BTC/USDT:USDT,BTCUSDT,60,10,60,5m,5m,3m,1h,5m,legacy_classic,legacy_classic,True,0.1,0.12,0.14,0.1,0.08,0.08,0.12,0.16,0.1,0.58,0.58,2,1.2,2.8,1.0,1.5,1.0,0.16558563309212976,627,237,True,0.001,0.0001,True,20,100,18,69,26,7,64.17016525320737,47.004299976993465,22,32,0.7186481698276691,0.6089472582790194,0.8008736865825579,2.101189392368941,2.4319559998051976,1.034795375813725,1.4555208744810906
legacy_classic,2,0.0,-0.15518079238201177,0.0,-11.711676259995933,-0.09022267603929743,4.630225080385852,-10.77782995322011,BTC/USDT:USDT,BTCUSDT,60,10,60,5m,5m,3m,1h,15m,legacy_classic,legacy_classic,True,0.1,0.12,0.14,0.1,0.08,0.08,0.12,0.16,0.1,0.58,0.58,2,1.2,2.8,1.0,1.5,1.0,0.1,464,265,True,0.001,0.0001,True,20,106,21,113,34,7,65.90276854301895,42.173613020469915,22,31,0.7186481698276691,0.6863505372980263,1.280492443942221,2.0982194081239514,2.5452000599622555,0.8402721857239571,0.9258822936421014
feature_prob,1,0.0,-0.6490862809988499,0.0,-5165.362366979036,0.0,1440.0,-28040.527339150314,BTC/USDT:USDT,BTCUSDT,60,10,60,30m,1m,3m,1h,1h,feature_prob,feature_prob,True,0.24847400823054425,0.15814535401647284,0.09530857635271804,0.1492431927581643,0.17452167635603164,0.2020342190520665,0.127896478351139,0.2968749091047642,0.10909626929368348,0.5611553661753892,0.5456456103532104,2,1.8023717960687278,5.365361636386119,2.0469470947916033,3.037627096632656,1.2627120859088246,0.8583900450652943,470,44,True,0.001,0.0001,True,50,200,50,200,96,14,58.0,42.0,14,96,1.25,0.55,1.1,3.2,1.0,1.5,1.0
legacy_classic,1,0.0,-0.08674201442365449,0.0,-2250.3573447866484,0.0,1440.0,-3747.255023101874,BTC/USDT:USDT,BTCUSDT,60,10,60,30m,15m,1m,1h,5m,legacy_classic,legacy_classic,False,0.1,0.12,0.14,0.1,0.08,0.08,0.12,0.16,0.1,0.58,0.58,2,1.2,2.8,1.0,1.5,1.0,0.29668960448058157,627,309,True,0.001,0.0001,True,20,272,40,199,26,30,64.19965628171886,41.45722569063331,28,142,1.1475123737563175,0.5608961081795423,2.845006538274662,1.5928729547960072,1.8215798031058172,1.645548002314182,2.0890282253492236
legacy_classic,1,0.0,-0.37818241240264355,0.0,-3761.4758083077068,0.0,1440.0,-16337.480215794201,BTC/USDT:USDT,BTCUSDT,60,10,60,5m,5m,5m,4h,15m,legacy_classic,legacy_classic,False,0.1,0.12,0.14,0.1,0.08,0.08,0.12,0.16,0.1,0.58,0.58,2,1.2,2.8,1.0,1.5,1.0,0.631485816728099,547,23,True,0.001,0.0001,True,47,102,53,130,25,23,66.1397883717919,41.21513628157191,17,32,1.550287381200369,0.1953382143090586,1.3889055573659985,3.372402692703908,2.0547452715564294,2.134616286884527,1.8528664059219708
legacy_classic,2,0.0,-0.976904808193656,0.0,-19.729634694143847,-0.5681406337684773,4.63768115942029,-67.95859535260215,BTC/USDT:USDT,BTCUSDT,60,10,60,15m,15m,3m,1h,1h,legacy_classic,legacy_classic,True,0.1,0.12,0.14,0.1,0.08,0.08,0.12,0.16,0.1,0.58,0.58,2,1.2,2.8,1.0,1.5,1.0,0.9458996456540991,617,266,True,0.001,0.0001,True,57,144,28,215,124,30,67.58458921747346,40.55254110662667,25,103,0.9640412317285243,0.5739340674112954,1.9247870139915717,5.4419825119288845,2.026859984665695,3.497057574964659,1.997791272534057
legacy_classic,5,0.0,-2.251604748939449,0.0,-33.61114246442558,-1.8857423852673962,10.81081081081081,-146.05003776904536,BTC/USDT:USDT,BTCUSDT,60,10,60,15m,5m,3m,4h,15m,legacy_classic,legacy_classic,False,0.1,0.12,0.14,0.1,0.08,0.08,0.12,0.16,0.1,0.58,0.58,2,1.2,2.8,1.0,1.5,1.0,0.43839213852889625,190,36,True,0.001,0.0001,True,78,139,44,95,132,16,53.86134917014949,43.610270719089804,11,26,0.8587710274611255,0.1935949104571395,0.9966793597454283,3.3827492692810814,2.7612896109155596,2.301524369830363,1.3609797585014847
legacy_classic,3,0.0,-0.6956036625322102,0.0,-16.64391625464124,-0.48790598834306687,6.956521739130435,-48.389820002240704,BTC/USDT:USDT,BTCUSDT,60,10,60,5m,5m,5m,4h,15m,legacy_classic,legacy_classic,False,0.1,0.12,0.14,0.1,0.08,0.08,0.12,0.16,0.1,0.58,0.58,2,1.2,2.8,1.0,1.5,1.0,0.8627916534273697,270,235,True,0.001,0.0001,True,42,258,19,192,117,20,64.63253636710704,35.14932618689575,30,67,0.793076256485553,0.4715029476845859,3.4552919203574888,4.074453571376083,1.9333784169139574,3.7552091314315987,1.8411929243705885
legacy_classic,3,33.33333333333333,-0.1307198270356628,0.5712489708976292,-3.718571288244928,-0.17731272054898448,6.956521739130435,-9.093553185089585,BTC/USDT:USDT,BTCUSDT,60,10,60,5m,5m,3m,1h,5m,legacy_classic,legacy_classic,True,0.1,0.12,0.14,0.1,0.08,0.08,0.12,0.16,0.1,0.58,0.58,2,1.2,2.8,1.0,1.5,1.0,0.15890516679017108,592,232,True,0.001,0.0001,True,20,105,24,108,26,7,65.53866660393543,45.23998110753932,19,36,0.7186481698276691,0.6089472582790194,1.036075952377081,2.101189392368941,2.6699586674961924,1.2260261827941723,0.9927368519342026
legacy_classic,3,0.0,-0.19961874506396035,0.0,-11.76582470320071,-0.14260484378042526,6.956521739130435,-13.886521395753762,BTC/USDT:USDT,BTCUSDT,60,10,60,5m,5m,3m,1h,15m,legacy_classic,legacy_classic,True,0.1,0.12,0.14,0.1,0.08,0.08,0.12,0.16,0.1,0.58,0.58,2,1.2,2.8,1.0,1.5,1.0,0.1,505,138,True,0.001,0.0001,True,20,138,10,89,20,12,66.67033261133811,45.23998110753932,21,24,0.7186481698276691,0.6089472582790194,1.4589139714525428,2.547106883500044,2.6609275570565996,0.8,0.9033174620408844
feature_prob,1,0.0,-0.2888386920648033,0.0,-3297.4786183560045,0.0,1440.0,-12477.831497199502,BTC/USDT:USDT,BTCUSDT,60,10,60,30m,1m,1m,4h,5m,feature_prob,feature_prob,False,0.12147720582071252,0.2747479252171129,0.29698023082473324,0.12252637610280114,0.16188713395300278,0.03260723570665366,0.11728188067511396,0.15474465064570656,0.04910609346141445,0.6215008824003,0.5656799379877948,1,1.22917257653501,5.336710716430497,1.6407104528425964,2.440267444452204,2.039976213767504,0.38197735055587545,617,159,True,0.001,0.0001,True,50,200,50,200,96,14,58.0,42.0,14,96,1.25,0.55,1.1,3.2,1.0,1.5,1.0
legacy_classic,1,0.0,-0.16746807239389094,0.0,-2668.9219553623248,0.0,1440.0,-7234.620727416089,BTC/USDT:USDT,BTCUSDT,60,10,60,5m,5m,3m,15m,5m,legacy_classic,legacy_classic,True,0.1,0.12,0.14,0.1,0.08,0.08,0.12,0.16,0.1,0.58,0.58,2,1.2,2.8,1.0,1.5,1.0,0.46502885666223537,290,343,True,0.001,0.0001,True,69,262,79,118,126,17,51.65524996271952,47.97289148756172,13,94,1.3860351613146242,0.8231855511300833,2.309714626314265,2.8256476439638467,1.0211339898620282,1.2347839732638328,2.0687613465113497
legacy_classic,1,0.0,-0.23123425728010527,0.0,-2999.5496239973454,0.0,1440.0,-9989.319914500547,BTC/USDT:USDT,BTCUSDT,60,10,60,30m,1m,3m,1h,1h,legacy_classic,legacy_classic,True,0.1,0.12,0.14,0.1,0.08,0.08,0.12,0.16,0.1,0.58,0.58,2,1.2,2.8,1.0,1.5,1.0,0.9244220853484862,143,285,True,0.001,0.0001,True,75,174,25,164,143,30,72.10262168669291,49.5196763788261,13,92,1.6056106713576388,0.7036971766402137,3.3252827571894423,4.689029059090986,0.6061800486802542,3.6050058678023973,2.151930246686812
legacy_classic,2,0.0,-0.9436020460591041,0.0,-18.858895252678593,-0.5450151253904529,4.31784107946027,-61.11485515705143,BTC/USDT:USDT,BTCUSDT,60,10,60,30m,3m,1m,1h,5m,legacy_classic,legacy_classic,True,0.1,0.12,0.14,0.1,0.08,0.08,0.12,0.16,0.1,0.58,0.58,2,1.2,2.8,1.0,1.5,1.0,0.9826595060444999,318,319,True,0.001,0.0001,True,27,119,56,80,116,25,54.89828955190379,31.71522295591998,25,48,0.6072676665787277,0.47472502051673526,2.05064488484114,4.271981126306418,2.7524917773316546,3.9194243925785637,0.4832988415768591
legacy_classic,2,0.0,-0.22957399443573406,0.0,-12.436369282395582,-0.13347515378084696,4.630225080385852,-15.944689002610467,BTC/USDT:USDT,BTCUSDT,60,10,60,30m,1m,1m,1h,1h,legacy_classic,legacy_classic,False,0.1,0.12,0.14,0.1,0.08,0.08,0.12,0.16,0.1,0.58,0.58,2,1.2,2.8,1.0,1.5,1.0,0.2759198544087128,320,293,True,0.001,0.0001,True,31,243,25,167,80,16,53.3725769780628,41.063148714987534,20,85,0.8655796787192218,0.7093195809461236,2.3882250354592536,4.451581150437395,2.9550261966727565,2.05578742396738,2.1025888208170875
legacy_classic,2,0.0,-0.4267587418110811,0.0,-15.469893557530952,-0.23704454934115107,6.088794926004228,-38.976696926508886,BTC/USDT:USDT,BTCUSDT,60,10,60,5m,3m,3m,1h,15m,legacy_classic,legacy_classic,True,0.1,0.12,0.14,0.1,0.08,0.08,0.12,0.16,0.1,0.58,0.58,2,1.2,2.8,1.0,1.5,1.0,0.3152396062540098,516,334,True,0.001,0.0001,True,27,270,26,96,44,19,53.4403930119248,46.09025837319908,18,43,0.6343050031072017,0.17858560656343211,1.382137968704298,5.371220785003221,2.3760026532680456,2.0906081858609826,2.207976559219777
legacy_classic,3,33.33333333333333,-0.09449954878004374,0.6064309610171887,-3.14252816021596,-0.13964082718196713,6.956521739130435,-6.5738816542639125,BTC/USDT:USDT,BTCUSDT,60,10,60,5m,5m,3m,1h,5m,legacy_classic,legacy_classic,True,0.1,0.12,0.14,0.1,0.08,0.08,0.12,0.16,0.1,0.58,0.58,2,1.2,2.8,1.0,1.5,1.0,0.15890516679017108,550,232,True,0.001,0.0001,True,20,112,24,112,26,7,65.53866660393543,45.23998110753932,17,36,0.7186481698276691,0.6089472582790194,1.315585488275338,2.31054913648589,2.6882121675000263,0.8,0.9227993257264306
legacy_classic,3,0.0,-0.5297090124619839,0.0,-15.011206583463085,-0.37082694039282305,6.956521739130435,-36.849322606051054,BTC/USDT:USDT,BTCUSDT,60,10,60,5m,5m,3m,15m,5m,legacy_classic,legacy_classic,True,0.1,0.12,0.14,0.1,0.08,0.08,0.12,0.16,0.1,0.58,0.58,2,1.2,2.8,1.0,1.5,1.0,0.250459525140399,592,232,True,0.001,0.0001,True,20,144,24,74,26,12,65.53866660393543,47.457232422434934,18,36,0.9782962902255362,0.5739040094267093,1.3112125598261777,2.084593056786273,3.0,1.2260261827941723,0.822275078601088
feature_prob,1,0.0,-0.2003781086200606,0.0,-2838.810493195014,0.0,1440.0,-8656.334292386618,BTC/USDT:USDT,BTCUSDT,60,10,60,30m,3m,3m,4h,15m,feature_prob,feature_prob,False,0.07635581713443919,0.2817374843154889,0.09525820411551254,0.24649963602287953,0.03162034956614511,0.13955481355019944,0.11289593161310092,0.3260132043301237,0.09171687454714303,0.7147517235424726,0.535612048170369,2,1.2754342643678407,5.405945277790471,1.5669777486802718,1.6447754741710392,1.9327833540965382,0.26499184888607596,309,266,True,0.001,0.0001,True,50,200,50,200,96,14,58.0,42.0,14,96,1.25,0.55,1.1,3.2,1.0,1.5,1.0
feature_prob,1,0.0,-0.17164895647057826,0.0,-2689.849839299948,0.0,1440.0,-7415.234919528981,BTC/USDT:USDT,BTCUSDT,60,10,60,15m,1m,3m,1h,1h,feature_prob,feature_prob,True,0.09160391527711928,0.1160123697664883,0.23414602567513743,0.048500698539851866,0.1378924910101238,0.22667902835413717,0.2639138808204607,0.16199381418793818,0.21435938885224687,0.6743322689925265,0.6788962042901723,4,1.829423051707807,5.200940249139148,2.184799854809645,3.181547655486448,1.088654439562208,0.22699872080712097,717,327,True,0.001,0.0001,True,50,200,50,200,96,14,58.0,42.0,14,96,1.25,0.55,1.1,3.2,1.0,1.5,1.0
feature_prob,1,0.0,-0.2623880487773245,0.0,-3160.332032910427,0.0,1440.0,-11335.16370718042,BTC/USDT:USDT,BTCUSDT,60,10,60,5m,1m,1m,1h,5m,feature_prob,feature_prob,False,0.22523846023932298,0.1809153105274415,0.0813481615117283,0.18296343973539841,0.22547773286689668,0.2276713301273663,0.23465595881926846,0.34521432925860257,0.18836928281657264,0.6231639699632877,0.637811987401156,2,0.9363016909536043,1.9894621783705249,1.9686269507007645,2.9873124256659396,1.9531346400646237,0.3469974572070201,458,56,True,0.001,0.0001,True,50,200,50,200,96,14,58.0,42.0,14,96,1.25,0.55,1.1,3.2,1.0,1.5,1.0
legacy_classic,4,0.0,-0.5789857719535119,0.0,-16.75330967473996,-0.4576464929045905,9.29032258064516,-40.34223443288985,BTC/USDT:USDT,BTCUSDT,60,10,60,30m,15m,5m,1h,5m,legacy_classic,legacy_classic,False,0.1,0.12,0.14,0.1,0.08,0.08,0.12,0.16,0.1,0.58,0.58,2,1.2,2.8,1.0,1.5,1.0,0.4635749277805403,344,48,True,0.001,0.0001,True,67,110,36,179,92,25,73.71370705334104,49.367095286221925,11,121,0.6409487720338899,0.5059214706578833,3.1778176434084466,5.283052442294418,2.926728708701737,2.496152144635797,1.058109376523316
legacy_classic,3,0.0,-1.3899587942032614,0.0,-23.49120454116731,-0.9973020927420451,6.956521739130435,-96.69278568370514,BTC/USDT:USDT,BTCUSDT,60,10,60,15m,5m,1m,4h,5m,legacy_classic,legacy_classic,False,0.1,0.12,0.14,0.1,0.08,0.08,0.12,0.16,0.1,0.58,0.58,2,1.2,2.8,1.0,1.5,1.0,0.6372148646956182,616,158,True,0.001,0.0001,True,79,173,32,149,30,8,60.318483622216775,38.50045907357238,27,66,0.8341563125332816,0.5925512725173583,1.349843212753536,5.329215247789369,2.0230416862891727,3.079254300104222,1.529323275068268
legacy_classic,3,0.0,-0.22934086441654372,0.0,-11.915748075601872,-0.14849125878186,6.4767616191904045,-14.853861083650207,BTC/USDT:USDT,BTCUSDT,60,10,60,30m,3m,3m,1h,5m,legacy_classic,legacy_classic,False,0.1,0.12,0.14,0.1,0.08,0.08,0.12,0.16,0.1,0.58,0.58,2,1.2,2.8,1.0,1.5,1.0,0.2816631166820489,222,224,True,0.001,0.0001,True,37,224,51,85,89,26,61.13000185385725,33.88419978286124,18,100,0.7429879622709076,0.587676378481842,2.8977606958729556,3.8088943587941486,2.7183055545748602,3.2837245839281337,2.4900052019569605
legacy_classic,2,0.0,-0.2673223527654027,0.0,-12.698596575016913,-0.16045055617439918,4.4036697247706424,-17.657990274411926,BTC/USDT:USDT,BTCUSDT,60,10,60,5m,5m,3m,1h,5m,legacy_classic,legacy_classic,False,0.1,0.12,0.14,0.1,0.08,0.08,0.12,0.16,0.1,0.58,0.58,2,1.2,2.8,1.0,1.5,1.0,0.15890516679017108,550,256,True,0.001,0.0001,True,20,100,24,156,20,7,65.53866660393543,45.23998110753932,17,43,0.7186481698276691,0.7620065852266341,1.2367597734761104,2.9531339081278336,2.7335121431956315,0.8,0.9227993257264306
legacy_classic,2,0.0,-0.19640532943751554,0.0,-12.620799996347692,-0.1090953716435923,6.075949367088608,-17.90023255633053,BTC/USDT:USDT,BTCUSDT,60,10,60,5m,5m,1m,1h,5m,legacy_classic,legacy_classic,True,0.1,0.12,0.14,0.1,0.08,0.08,0.12,0.16,0.1,0.58,0.58,2,1.2,2.8,1.0,1.5,1.0,0.13606326390592471,510,246,True,0.001,0.0001,True,20,100,21,121,26,7,65.53866660393543,48.679465418703884,17,22,0.7186481698276691,0.5590145243934656,1.296246358070689,2.601223586735605,2.6882121675000263,0.8,0.9227993257264306
feature_prob,1,0.0,-0.6076846830927223,0.0,-4950.695081835765,0.0,1440.0,-26251.9783096056,BTC/USDT:USDT,BTCUSDT,60,10,60,15m,5m,5m,1h,15m,feature_prob,feature_prob,False,0.17071961406620206,0.11366114876349132,0.3198959896504064,0.24176534097707209,0.06108698220605423,0.03445333871694759,0.2292603759740409,0.3453584256248063,0.2190138417522428,0.6428346108731409,0.5862239249950623,4,1.7556159713239001,1.8170694179640983,1.5828431611038536,3.153854556351094,0.8763803997224291,0.8036381260481072,543,304,True,0.001,0.0001,True,50,200,50,200,96,14,58.0,42.0,14,96,1.25,0.55,1.1,3.2,1.0,1.5,1.0
feature_prob,1,0.0,-0.311392904555753,0.0,-3414.422210121579,0.0,1440.0,-13452.17347680853,BTC/USDT:USDT,BTCUSDT,60,10,60,5m,5m,5m,1h,15m,feature_prob,feature_prob,True,0.1270354563326659,0.19514031134031615,0.15538978536882775,0.0413147835660088,0.029115723666093045,0.18439281488352458,0.11830716575019824,0.2660161554109849,0.05748753177566904,0.6216631101942994,0.6055887452905551,1,0.8964794573546044,5.4816112322918915,1.8639245890948293,1.1010113911887376,1.5533462170636847,0.4118043736239425,664,190,True,0.001,0.0001,True,50,200,50,200,96,14,58.0,42.0,14,96,1.25,0.55,1.1,3.2,1.0,1.5,1.0
legacy_classic,3,0.0,-0.30479894899624604,0.0,-12.59549396453011,-0.21900270267192,6.390532544378698,-19.478276030529333,BTC/USDT:USDT,BTCUSDT,60,10,60,15m,1m,15m,1h,1h,legacy_classic,legacy_classic,True,0.1,0.12,0.14,0.1,0.08,0.08,0.12,0.16,0.1,0.58,0.58,2,1.2,2.8,1.0,1.5,1.0,0.3240148161239118,244,190,True,0.001,0.0001,True,51,215,61,71,131,7,62.28634558993764,45.24341804634424,10,140,0.7969028670945407,0.9564982997498764,3.141282717162455,2.567152336446867,2.86482838136972,3.401687443310041,1.586500998273693
legacy_classic,3,0.0,-0.7656233608643808,0.0,-16.905729657193316,-0.543799422209611,6.486486486486486,-49.66205583985172,BTC/USDT:USDT,BTCUSDT,60,10,60,15m,5m,15m,1h,1h,legacy_classic,legacy_classic,True,0.1,0.12,0.14,0.1,0.08,0.08,0.12,0.16,0.1,0.58,0.58,2,1.2,2.8,1.0,1.5,1.0,0.46514407071286934,281,135,True,0.001,0.0001,True,31,107,63,247,59,17,69.34394507540885,38.217719415910224,14,33,0.6151811948225658,0.8297956560412911,1.7441728416360545,1.7657755873158125,2.257103907092797,2.8415969667975496,1.3660310966767533
legacy_classic,3,0.0,-1.2105195110105542,0.0,-20.90240044501473,-0.8697767673459644,6.390532544378698,-77.35864330718334,BTC/USDT:USDT,BTCUSDT,60,10,60,15m,3m,1m,4h,1h,legacy_classic,legacy_classic,False,0.1,0.12,0.14,0.1,0.08,0.08,0.12,0.16,0.1,0.58,0.58,2,1.2,2.8,1.0,1.5,1.0,0.9050133705378296,668,80,True,0.001,0.0001,True,62,156,79,159,34,19,52.747886639889316,33.57123794106758,11,49,0.7573968334623588,0.9149461980335984,2.209219267603669,3.751011381246329,2.514715603329332,3.063733308390691,1.6545607625684724
legacy_classic,3,0.0,-0.21168827809394936,0.0,-11.879908188901888,-0.14846290970028625,6.945337620578778,-14.702465616814488,BTC/USDT:USDT,BTCUSDT,60,10,60,5m,5m,3m,1h,5m,legacy_classic,legacy_classic,True,0.1,0.12,0.14,0.1,0.08,0.08,0.12,0.16,0.1,0.58,0.58,2,1.2,2.8,1.0,1.5,1.0,0.1,550,216,True,0.001,0.0001,True,20,100,14,152,26,7,68.5561282142861,48.163488678111044,17,29,0.8801730234754442,0.6499674389154079,1.315585488275338,3.1674282026555685,2.4479609498224866,0.8,1.12921033037339
legacy_classic,3,33.33333333333333,-0.09449954878004374,0.6064309610171887,-3.14252816021596,-0.13964082718196713,6.956521739130435,-6.5738816542639125,BTC/USDT:USDT,BTCUSDT,60,10,60,5m,5m,3m,1h,5m,legacy_classic,legacy_classic,True,0.1,0.12,0.14,0.1,0.08,0.08,0.12,0.16,0.1,0.58,0.58,2,1.2,2.8,1.0,1.5,1.0,0.15890516679017108,497,232,True,0.001,0.0001,True,20,112,24,112,26,7,67.3756058905361,44.769760906575264,16,41,0.7186481698276691,0.5216564735928031,1.315585488275338,2.03134340342908,2.631366789061589,0.8,0.9227993257264306
feature_prob,1,0.0,-0.12420707262517329,0.0,-2443.8636715615235,0.0,1440.0,-5365.745537407486,BTC/USDT:USDT,BTCUSDT,60,10,60,15m,1m,3m,4h,15m,feature_prob,feature_prob,True,0.12175477843234643,0.20182583369384904,0.13405083771786408,0.1668694555464964,0.09402414722842628,0.022507075619300546,0.03030586920334371,0.1979245401686404,0.09951537237765189,0.6600904883180754,0.580373185565746,2,1.5830307844848501,3.4591297057870167,1.47197553447074,3.940847247122239,1.3139607036268688,0.164258770812535,462,97,True,0.001,0.0001,True,50,200,50,200,96,14,58.0,42.0,14,96,1.25,0.55,1.1,3.2,1.0,1.5,1.0
legacy_classic,2,0.0,-0.6463008011946216,0.0,-29.20716331783375,-0.31642387632705016,11.65991902834008,-113.03722514820912,BTC/USDT:USDT,BTCUSDT,60,10,60,30m,3m,5m,1h,1h,legacy_classic,legacy_classic,True,0.1,0.12,0.14,0.1,0.08,0.08,0.12,0.16,0.1,0.58,0.58,2,1.2,2.8,1.0,1.5,1.0,0.39189492505435963,371,6,True,0.001,0.0001,True,77,178,44,132,124,18,52.082085927847984,46.14698791114539,15,135,1.0801350316781,0.7026654990742167,0.9881619907866633,2.6681606786859966,2.373980280243403,1.7032145799185814,0.949380366318195
feature_prob,1,0.0,-0.28574225974518497,0.0,-3281.423616778784,0.0,1440.0,-12344.06562099199,BTC/USDT:USDT,BTCUSDT,60,10,60,15m,3m,3m,15m,1h,feature_prob,feature_prob,False,0.1487639287339929,0.09316318840171843,0.07972416521079351,0.032343605613091936,0.10231504478662627,0.1595268670943422,0.03565584804884256,0.21791789093110125,0.16205599906946208,0.5744986584374469,0.719467744063713,2,1.911328772217388,2.1598647797204915,2.010827713961079,1.494762615505197,2.409003346007025,0.3778824455236991,130,270,True,0.001,0.0001,True,50,200,50,200,96,14,58.0,42.0,14,96,1.25,0.55,1.1,3.2,1.0,1.5,1.0
legacy_classic,2,0.0,-1.0123357647922373,0.0,-19.389133924165193,-0.5908008264014349,4.260355029585799,-64.69364650743293,BTC/USDT:USDT,BTCUSDT,60,10,60,15m,15m,1m,1h,1h,legacy_classic,legacy_classic,False,0.1,0.12,0.14,0.1,0.08,0.08,0.12,0.16,0.1,0.58,0.58,2,1.2,2.8,1.0,1.5,1.0,0.7587836844063651,239,265,True,0.001,0.0001,True,48,204,56,211,130,9,54.19432134798939,39.11408743175707,24,75,0.9222010156749701,0.9330854784976821,1.497251822528089,2.905165897447687,1.7143962420298968,2.9460340069256246,1.20736443341556
legacy_classic,4,0.0,-0.7181534882764595,0.0,-18.09671339414776,-0.5561951192107432,9.27536231884058,-49.958503532275444,BTC/USDT:USDT,BTCUSDT,60,10,60,30m,3m,3m,4h,1h,legacy_classic,legacy_classic,False,0.1,0.12,0.14,0.1,0.08,0.08,0.12,0.16,0.1,0.58,0.58,2,1.2,2.8,1.0,1.5,1.0,0.6402098819890175,610,46,True,0.001,0.0001,True,63,149,26,153,120,8,53.984059730958364,38.14384886806292,29,125,0.9016267600801233,0.45586605266791835,3.2879819256116267,4.449850715687866,2.958276525452641,1.0516941869431016,0.5394061340480786
legacy_classic,2,0.0,-1.1019355956042773,0.0,-39.38174746028724,-0.5394991495900436,11.65991902834008,-192.7271972878736,BTC/USDT:USDT,BTCUSDT,60,10,60,5m,5m,1m,4h,1h,legacy_classic,legacy_classic,False,0.1,0.12,0.14,0.1,0.08,0.08,0.12,0.16,0.1,0.58,0.58,2,1.2,2.8,1.0,1.5,1.0,0.963851172207579,359,223,True,0.001,0.0001,True,67,186,80,224,149,28,54.770309908699616,38.507368190464824,18,126,0.9970081348262967,0.9524814770461946,1.4254335202861976,2.249844885177416,1.6660152805229083,2.1511402907986645,0.572831517052934
legacy_classic,3,33.33333333333333,-0.0453722738909146,0.606430961017149,-2.632478597249291,-0.0670460540716511,6.956521739130435,-3.156332096759276,BTC/USDT:USDT,BTCUSDT,60,10,60,30m,5m,3m,1h,5m,legacy_classic,legacy_classic,True,0.1,0.12,0.14,0.1,0.08,0.08,0.12,0.16,0.1,0.58,0.58,2,1.2,2.8,1.0,1.5,1.0,0.1,550,232,True,0.001,0.0001,True,20,112,16,112,23,7,65.53866660393543,46.56913785546485,17,20,0.6,0.5941138755209503,1.72432944986411,3.1122374573563665,2.5135442665922794,0.8,0.9227993257264306
legacy_classic,3,33.33333333333333,-0.16321823880289366,0.6066752041782253,-3.852379744939965,-0.24126543145657614,6.945337620578778,-11.336057743223481,BTC/USDT:USDT,BTCUSDT,60,10,60,5m,5m,3m,15m,5m,legacy_classic,legacy_classic,True,0.1,0.12,0.14,0.1,0.08,0.08,0.12,0.16,0.1,0.58,0.58,2,1.2,2.8,1.0,1.5,1.0,0.2749458993646493,667,232,True,0.001,0.0001,True,20,100,30,112,26,12,60.36520036210632,42.862447755881725,18,55,0.7186481698276691,0.737620589804121,1.3165727762975878,2.31054913648589,2.6723447484618044,0.8,0.9227993257264306
legacy_classic,2,0.0,-1.2451749432602504,0.0,-22.346590169325097,-0.7241590741318871,4.63768115942029,-86.62086561810438,BTC/USDT:USDT,BTCUSDT,60,10,60,5m,3m,1m,15m,5m,legacy_classic,legacy_classic,False,0.1,0.12,0.14,0.1,0.08,0.08,0.12,0.16,0.1,0.58,0.58,2,1.2,2.8,1.0,1.5,1.0,0.9583546682280286,560,278,True,0.001,0.0001,True,56,197,14,129,72,22,51.05872148760636,34.796899025554794,21,56,0.9161243011631816,0.268351460118989,1.5299800017660936,5.836721927362358,1.0243497785470195,1.1299087189903547,0.9161412177743558
legacy_classic,1,0.0,-0.24952469538684433,0.0,-3094.385545580788,0.0,1440.0,-10779.466840711675,BTC/USDT:USDT,BTCUSDT,60,10,60,15m,1m,1m,1h,15m,legacy_classic,legacy_classic,False,0.1,0.12,0.14,0.1,0.08,0.08,0.12,0.16,0.1,0.58,0.58,2,1.2,2.8,1.0,1.5,1.0,0.8870512504180599,614,293,True,0.001,0.0001,True,55,294,62,156,132,23,65.08362616094556,30.770403283334282,11,98,1.4653521808290857,0.8012853077476895,2.9569611674659546,4.259210448275981,0.6029982460095582,3.1733125608096824,2.3575167041959566
legacy_classic,2,0.0,-0.34562792082629135,0.0,-13.377129894659639,-0.20172709783250747,4.324324324324324,-22.4191083779216,BTC/USDT:USDT,BTCUSDT,60,10,60,15m,1m,1m,1h,1h,legacy_classic,legacy_classic,True,0.1,0.12,0.14,0.1,0.08,0.08,0.12,0.16,0.1,0.58,0.58,2,1.2,2.8,1.0,1.5,1.0,0.4464951950251851,575,275,True,0.001,0.0001,True,55,244,26,97,140,9,51.49683957134441,32.58251856611935,8,146,0.7346323856682309,0.2388600572201302,2.580857076048683,2.6425746188130876,1.8510523914608474,3.0732395857547923,2.2408359767231696
legacy_classic,2,0.0,-0.2563604015685312,0.0,-12.55355897816672,-0.149623321610036,4.31784107946027,-16.603852095593027,BTC/USDT:USDT,BTCUSDT,60,10,60,15m,1m,1m,4h,1h,legacy_classic,legacy_classic,True,0.1,0.12,0.14,0.1,0.08,0.08,0.12,0.16,0.1,0.58,0.58,2,1.2,2.8,1.0,1.5,1.0,0.21753122401388691,716,332,True,0.001,0.0001,True,39,294,44,104,58,17,56.203847841500895,32.28981162210212,15,96,0.7289520899230941,0.5715398645102521,1.695183548198013,2.6831599298116746,2.3718702997903796,0.9603127298846512,0.8518036941132763
legacy_classic,3,0.0,-0.6279330179133761,0.0,-15.515969200750916,-0.43999973914290474,6.343612334801763,-39.83363637864589,BTC/USDT:USDT,BTCUSDT,60,10,60,5m,1m,3m,4h,5m,legacy_classic,legacy_classic,True,0.1,0.12,0.14,0.1,0.08,0.08,0.12,0.16,0.1,0.58,0.58,2,1.2,2.8,1.0,1.5,1.0,0.6044483348597796,461,160,True,0.001,0.0001,True,43,166,13,187,84,10,51.99302227870126,29.729857960564907,19,105,0.9653773165300568,0.2853852110351712,2.675259639661714,1.938924375928215,2.441003937078298,1.9821443299812311,1.904504763992441
legacy_classic,3,0.0,-0.2077522144140357,0.0,-11.845922266012163,-0.14841528069950688,6.956521739130435,-14.452327959237266,BTC/USDT:USDT,BTCUSDT,60,10,60,30m,5m,5m,1h,5m,legacy_classic,legacy_classic,True,0.1,0.12,0.14,0.1,0.08,0.08,0.12,0.16,0.1,0.58,0.58,2,1.2,2.8,1.0,1.5,1.0,0.12300843773931609,505,210,True,0.001,0.0001,True,20,119,12,105,20,8,65.53866660393543,46.11845282403087,17,20,0.6915102803657173,0.5941138755209503,1.72432944986411,3.0187652697350704,2.5135442665922794,0.8,0.9145852514238179
legacy_classic,3,0.0,-0.21131314095749681,0.0,-11.879071054562399,-0.14821794714741193,6.956521739130435,-14.700044588347605,BTC/USDT:USDT,BTCUSDT,60,10,60,30m,15m,3m,1h,15m,legacy_classic,legacy_classic,True,0.1,0.12,0.14,0.1,0.08,0.08,0.12,0.16,0.1,0.58,0.58,2,1.2,2.8,1.0,1.5,1.0,0.1,550,232,True,0.001,0.0001,True,20,112,16,112,34,7,68.98019778503259,43.90163441949761,17,20,0.8029542107801815,0.5593917691182222,1.3182997329389374,3.1122374573563665,2.2084338536537,0.8,1.1235307046824148
feature_prob,1,0.0,-0.5882539450543305,0.0,-4849.946705106704,0.0,1440.0,-25412.570426347076,BTC/USDT:USDT,BTCUSDT,60,10,60,15m,1m,15m,15m,1h,feature_prob,feature_prob,True,0.052056085937538354,0.10177900972235154,0.04648367754981665,0.18057441699211674,0.025633602596131497,0.15129897507372583,0.12666639292610818,0.11322901738216867,0.15193339362632166,0.622124547992812,0.5668938510094574,3,1.700433712676432,1.6944647330770166,1.25237098763954,1.0189138373107816,1.8442932961028022,0.7779417701264257,208,148,True,0.001,0.0001,True,50,200,50,200,96,14,58.0,42.0,14,96,1.25,0.55,1.1,3.2,1.0,1.5,1.0
legacy_classic,1,0.0,-0.08532059246879893,0.0,-2242.9872719507225,0.0,1440.0,-3685.849594652114,BTC/USDT:USDT,BTCUSDT,60,10,60,15m,1m,15m,4h,1h,legacy_classic,legacy_classic,False,0.1,0.12,0.14,0.1,0.08,0.08,0.12,0.16,0.1,0.58,0.58,2,1.2,2.8,1.0,1.5,1.0,0.31224547643457556,214,322,True,0.001,0.0001,True,79,153,49,119,92,10,66.76576695796851,36.67741451835232,18,116,1.20094119747655,0.47768494878662904,3.044056686739329,4.201818323082751,0.9645666868902196,1.6233152429007824,2.4745046418357397
legacy_classic,1,0.0,-0.13887029133457074,0.0,-2520.6424605697493,0.0,1440.0,-5999.196585653456,BTC/USDT:USDT,BTCUSDT,60,10,60,15m,15m,3m,1h,5m,legacy_classic,legacy_classic,True,0.1,0.12,0.14,0.1,0.08,0.08,0.12,0.16,0.1,0.58,0.58,2,1.2,2.8,1.0,1.5,1.0,0.21316938974020339,568,327,True,0.001,0.0001,True,34,102,15,97,21,15,61.40766853449763,34.52860725440379,19,58,0.9297959461673729,0.9979061518188755,1.276809008331022,2.613531502723222,2.11371174885311,0.9728534067614822,0.6538322903852543
legacy_classic,2,0.0,-0.08637296225804403,0.0,-11.266589322615514,-0.04797614649164445,6.088794926004228,-7.888608815110998,BTC/USDT:USDT,BTCUSDT,60,10,60,30m,5m,1m,4h,15m,legacy_classic,legacy_classic,False,0.1,0.12,0.14,0.1,0.08,0.08,0.12,0.16,0.1,0.58,0.58,2,1.2,2.8,1.0,1.5,1.0,0.1614599866593298,598,296,True,0.001,0.0001,True,74,235,59,113,57,25,70.21172258887725,43.62717943702003,29,145,0.8420409595502905,0.38551656695179026,3.4976805750298414,3.560753118868894,2.4533403615934173,3.773978972589135,1.8173934931917506
legacy_classic,3,0.0,-0.8206967608502609,0.0,-40.919775341910494,-0.5778335795089968,17.851239669421485,-146.50454573855896,BTC/USDT:USDT,BTCUSDT,60,10,60,5m,5m,5m,1h,5m,legacy_classic,legacy_classic,False,0.1,0.12,0.14,0.1,0.08,0.08,0.12,0.16,0.1,0.58,0.58,2,1.2,2.8,1.0,1.5,1.0,0.48014186894048494,709,7,True,0.001,0.0001,True,22,160,25,171,97,25,61.499503596021974,32.33195320962947,19,77,0.8555631982610565,0.9856557603733395,1.6444411721639272,3.3288105343113434,2.8080641946071765,1.6271830420167526,2.408636128033259
legacy_classic,3,0.0,-0.1615550075495781,0.0,-11.389509949045227,-0.11331690713546032,6.956521739130435,-11.238609220840216,BTC/USDT:USDT,BTCUSDT,60,10,60,30m,5m,3m,1h,5m,legacy_classic,legacy_classic,True,0.1,0.12,0.14,0.1,0.08,0.08,0.12,0.16,0.1,0.58,0.58,2,1.2,2.8,1.0,1.5,1.0,0.1,486,236,True,0.001,0.0001,True,20,112,16,112,26,7,66.86055650339605,45.09633859479883,17,20,0.6,0.5941138755209503,1.72432944986411,3.1122374573563665,2.5135442665922794,0.8,1.1034414603009488
legacy_classic,2,0.0,-0.10499774004921261,0.0,-11.222823691961104,-0.06104606723490726,4.630225080385852,-7.292447540395473,BTC/USDT:USDT,BTCUSDT,60,10,60,30m,5m,3m,1h,1h,legacy_classic,legacy_classic,True,0.1,0.12,0.14,0.1,0.08,0.08,0.12,0.16,0.1,0.58,0.58,2,1.2,2.8,1.0,1.5,1.0,0.1,566,247,True,0.001,0.0001,True,20,112,28,112,23,7,67.42788357633006,44.36949407322447,21,20,0.7388949218692329,0.6862910942129772,1.8924962765579334,3.141554632004061,2.9162486878955782,0.8,0.8748151680742215
legacy_classic,1,0.0,-0.3589401222230235,0.0,-3661.7045337263767,0.0,1440.0,-15506.213280034615,BTC/USDT:USDT,BTCUSDT,60,10,60,15m,3m,3m,15m,15m,legacy_classic,legacy_classic,False,0.1,0.12,0.14,0.1,0.08,0.08,0.12,0.16,0.1,0.58,0.58,2,1.2,2.8,1.0,1.5,1.0,0.7717358201291888,179,110,True,0.001,0.0001,True,66,228,67,85,48,12,65.01009380518803,41.421219648583886,28,122,1.227105403942181,0.36119889061269184,1.788368842941721,5.3933494544821565,1.0892559039583267,0.9058234134479468,1.7269385099392993
feature_prob,1,0.0,-0.3318015099597805,0.0,-3520.240829141462,0.0,1440.0,-14333.825230262519,BTC/USDT:USDT,BTCUSDT,60,10,60,5m,1m,1m,15m,1h,feature_prob,feature_prob,False,0.24225674806478562,0.1325763451127529,0.2971336643239037,0.20282812661632438,0.06345211573310962,0.1569450239337414,0.12477363185403179,0.2974229624644966,0.11038641807692037,0.6086574911623421,0.5434077844497915,3,1.974232756490675,4.00475688930033,2.224251107898928,1.8098468287863159,1.6150085887170336,0.4387939191209209,568,159,True,0.001,0.0001,True,50,200,50,200,96,14,58.0,42.0,14,96,1.25,0.55,1.1,3.2,1.0,1.5,1.0
legacy_classic,1,0.0,-0.15260853948284012,0.0,-2591.875277218526,0.0,1440.0,-6592.688905658693,BTC/USDT:USDT,BTCUSDT,60,10,60,5m,3m,1m,15m,15m,legacy_classic,legacy_classic,False,0.1,0.12,0.14,0.1,0.08,0.08,0.12,0.16,0.1,0.58,0.58,2,1.2,2.8,1.0,1.5,1.0,0.5965093125842817,369,284,True,0.001,0.0001,True,35,232,64,210,33,11,59.64948900536806,37.783993492832835,10,136,1.0670007266769783,0.577246973061321,3.2512385442849014,1.5893674269433817,1.0659499385817557,3.6301797013504418,1.5160000340364221
legacy_classic,4,0.0,-0.9184246045274553,0.0,-20.08813927715356,-0.7266612878547996,9.27536231884058,-63.89040727147515,BTC/USDT:USDT,BTCUSDT,60,10,60,5m,5m,3m,4h,1h,legacy_classic,legacy_classic,False,0.1,0.12,0.14,0.1,0.08,0.08,0.12,0.16,0.1,0.58,0.58,2,1.2,2.8,1.0,1.5,1.0,0.5989432058721936,122,121,True,0.001,0.0001,True,28,106,18,237,131,15,63.53189286818008,46.91219279821094,15,138,0.7095210965352384,0.33595062281164095,2.5979485927566364,3.9927154772892535,2.2524018992674018,3.4071326189470357,0.8384621108522916
legacy_classic,2,0.0,-0.6912091995395802,0.0,-16.545760138517053,-0.40342040240906424,4.31784107946027,-44.76797214409275,BTC/USDT:USDT,BTCUSDT,60,10,60,15m,3m,3m,1h,5m,legacy_classic,legacy_classic,False,0.1,0.12,0.14,0.1,0.08,0.08,0.12,0.16,0.1,0.58,0.58,2,1.2,2.8,1.0,1.5,1.0,0.45863512469889833,160,263,True,0.001,0.0001,True,48,269,12,109,46,15,70.80251326798428,33.40557346443015,24,125,0.7173105769098129,0.4855797926300509,1.325573676133824,2.595961646403815,1.9087002491959486,4.063253200097279,2.433581846719095
legacy_classic,3,0.0,-0.9305639018001404,0.0,-22.760055460913662,-0.6568286078598004,9.113924050632912,-84.81088725267102,BTC/USDT:USDT,BTCUSDT,60,10,60,30m,1m,5m,4h,1h,legacy_classic,legacy_classic,True,0.1,0.12,0.14,0.1,0.08,0.08,0.12,0.16,0.1,0.58,0.58,2,1.2,2.8,1.0,1.5,1.0,0.6052888805540116,602,190,True,0.001,0.0001,True,70,196,21,175,71,29,53.712880904586555,42.40492219886994,20,103,0.8701681390139195,0.5136785167623694,1.8392566799271723,2.0076162133010254,1.3915664072582792,3.279337871703122,1.5621908251242025
legacy_classic,3,33.33333333333333,-0.038630010065430646,0.6064309610170917,-2.5624790150347287,-0.05708309329750246,6.956521739130435,-2.6873050480299576,BTC/USDT:USDT,BTCUSDT,60,10,60,30m,5m,3m,1h,15m,legacy_classic,legacy_classic,True,0.1,0.12,0.14,0.1,0.08,0.08,0.12,0.16,0.1,0.58,0.58,2,1.2,2.8,1.0,1.5,1.0,0.1,434,232,True,0.001,0.0001,True,20,124,16,130,23,7,65.53866660393543,46.56913785546485,13,20,0.6,0.5941138755209503,2.0252841753056803,3.309959664085098,2.5135442665922794,0.8,0.9227993257264306
legacy_classic,3,33.33333333333333,-0.04480786934756669,0.5965843738100048,-2.687366309565917,-0.06773296961015834,6.967741935483871,-3.1220967029272275,BTC/USDT:USDT,BTCUSDT,60,10,60,30m,5m,15m,1h,5m,legacy_classic,legacy_classic,True,0.1,0.12,0.14,0.1,0.08,0.08,0.12,0.16,0.1,0.58,0.58,2,1.2,2.8,1.0,1.5,1.0,0.1,541,232,True,0.001,0.0001,True,20,112,16,106,25,10,63.38052564453123,49.488572448756685,16,31,0.6264217885932888,0.5956094685464275,1.9192828360906247,3.137378792686424,2.688401550946438,0.8985869509037442,0.8565291857851047
feature_prob,1,0.0,-0.4110677584294768,0.0,-3931.236327456837,0.0,1440.0,-17758.127164153397,BTC/USDT:USDT,BTCUSDT,60,10,60,30m,1m,15m,4h,1h,feature_prob,feature_prob,False,0.1954744296655509,0.2908599695903942,0.2790425281071049,0.1848632677437842,0.026879181900523817,0.11226649265450296,0.074326587366447,0.08020745521474468,0.228001231484091,0.690337065477298,0.610343950327052,1,1.1064006238886552,4.548208121169251,2.342635646320991,3.2033270526660154,1.776228561124426,0.5436202890317956,484,187,True,0.001,0.0001,True,50,200,50,200,96,14,58.0,42.0,14,96,1.25,0.55,1.1,3.2,1.0,1.5,1.0
feature_prob,1,0.0,-0.5447522398901966,0.0,-4624.390363830669,0.0,1440.0,-23533.296763256494,BTC/USDT:USDT,BTCUSDT,60,10,60,30m,15m,15m,1h,15m,feature_prob,feature_prob,False,0.2273489849201706,0.1508957956588547,0.28146315901515795,0.07035140620031861,0.053397579558510974,0.04218524832709483,0.19874594203662138,0.2622466588138189,0.0837742246982047,0.6367270735770811,0.5455871936530573,3,1.6202389280434757,3.769694036410557,1.662210326329109,3.6614673874917276,2.2979017684683356,0.7204125451999723,163,293,True,0.001,0.0001,True,50,200,50,200,96,14,58.0,42.0,14,96,1.25,0.55,1.1,3.2,1.0,1.5,1.0
legacy_classic,1,0.0,-0.17872739695247064,0.0,-2727.30155319856,0.0,1440.0,-7721.023548346731,BTC/USDT:USDT,BTCUSDT,60,10,60,5m,5m,3m,4h,5m,legacy_classic,legacy_classic,False,0.1,0.12,0.14,0.1,0.08,0.08,0.12,0.16,0.1,0.58,0.58,2,1.2,2.8,1.0,1.5,1.0,0.7372941359432004,281,82,True,0.001,0.0001,True,67,207,28,242,34,23,53.594968079763625,30.486625523301065,10,27,1.1231997000358587,0.5059665393797413,3.4313110779515954,2.3879893572360666,2.2255081163179673,2.685490912014073,0.980510805815291
legacy_classic,3,33.33333333333333,-0.023760951971851227,0.6959590614165818,-1.862146881238413,-0.04560876218886939,6.390532544378698,-1.5184513686153447,BTC/USDT:USDT,BTCUSDT,60,10,60,5m,3m,1m,4h,15m,legacy_classic,legacy_classic,False,0.1,0.12,0.14,0.1,0.08,0.08,0.12,0.16,0.1,0.58,0.58,2,1.2,2.8,1.0,1.5,1.0,0.11957165276273019,329,210,True,0.001,0.0001,True,64,188,70,180,124,27,52.353136312131895,32.91608763108852,24,84,0.7403960156484846,0.8298748904247355,3.05631355134984,1.6665661431537122,2.6173902902752846,1.5560380797669322,0.7380853231594378
legacy_classic,3,0.0,-0.6101577903468746,0.0,-15.466353838556012,-0.4383710487968421,6.486486486486486,-39.57780261709456,BTC/USDT:USDT,BTCUSDT,60,10,60,15m,5m,3m,4h,15m,legacy_classic,legacy_classic,True,0.1,0.12,0.14,0.1,0.08,0.08,0.12,0.16,0.1,0.58,0.58,2,1.2,2.8,1.0,1.5,1.0,0.2810072087192217,180,135,True,0.001,0.0001,True,20,170,50,232,97,17,62.45266024146438,32.04908094176878,22,114,0.9223357681367655,0.33242177953224256,1.3606244217506465,5.562409548343801,2.6224406344667432,3.346385848740665,2.23520134110077
legacy_classic,3,0.0,-0.8186604326912958,0.0,-17.8528390882802,-0.5873299051553085,6.945337620578778,-56.85873101650157,BTC/USDT:USDT,BTCUSDT,60,10,60,5m,3m,3m,15m,15m,legacy_classic,legacy_classic,True,0.1,0.12,0.14,0.1,0.08,0.08,0.12,0.16,0.1,0.58,0.58,2,1.2,2.8,1.0,1.5,1.0,0.916390529755161,497,117,True,0.001,0.0001,True,30,261,50,59,75,12,53.403474418437035,41.46303654564568,17,116,0.7404233313982246,0.7028695788695466,3.295020242773921,5.697650682870392,1.819175850862906,1.9292567634776034,0.9714111559843028
legacy_classic,3,0.0,-0.170620059674719,0.0,-11.364858896722504,-0.12259312022518798,6.390532544378698,-10.903530440751272,BTC/USDT:USDT,BTCUSDT,60,10,60,15m,3m,1m,4h,15m,legacy_classic,legacy_classic,True,0.1,0.12,0.14,0.1,0.08,0.08,0.12,0.16,0.1,0.58,0.58,2,1.2,2.8,1.0,1.5,1.0,0.1566949560488108,329,147,True,0.001,0.0001,True,67,152,79,180,105,23,53.95819646766854,32.91608763108852,24,81,0.6,0.8931108767045711,2.7138169329650745,2.3715817148144733,2.807184980295165,1.5222874249873721,0.7380853231594378
legacy_classic,3,0.0,-0.1156074829711766,0.0,-10.860305561960525,-0.08306574318304971,6.390532544378698,-7.387933823010102,BTC/USDT:USDT,BTCUSDT,60,10,60,5m,3m,3m,4h,15m,legacy_classic,legacy_classic,False,0.1,0.12,0.14,0.1,0.08,0.08,0.12,0.16,0.1,0.58,0.58,2,1.2,2.8,1.0,1.5,1.0,0.11957165276273019,236,148,True,0.001,0.0001,True,63,168,70,192,124,25,52.353136312131895,35.66930868332059,24,99,0.6781008282249769,0.9274356727395291,3.05631355134984,1.5,3.0,1.258874489693637,0.7550817482522008
legacy_classic,2,0.0,-0.8538516082480273,0.0,-18.52925976140544,-0.4965763191925073,4.63768115942029,-59.39837274768885,BTC/USDT:USDT,BTCUSDT,60,10,60,15m,15m,3m,1h,1h,legacy_classic,legacy_classic,True,0.1,0.12,0.14,0.1,0.08,0.08,0.12,0.16,0.1,0.58,0.58,2,1.2,2.8,1.0,1.5,1.0,0.5530196060404275,99,303,True,0.001,0.0001,True,72,110,27,241,135,11,65.26072269185761,36.16509700227486,15,51,0.7478560536169905,0.24285362232422683,1.2875022362709934,1.6830274045544145,2.9390243244663417,2.731559461787021,2.3658152500659066
feature_prob,1,0.0,-0.7045525849189727,0.0,-5452.955152804872,0.0,1440.0,-30436.671668499617,BTC/USDT:USDT,BTCUSDT,60,10,60,1h,3m,15m,4h,1h,feature_prob,feature_prob,True,0.04088701783114845,0.0976153771399038,0.25324408548652055,0.15458095571923453,0.11752274585009483,0.12721270686232292,0.03930789084351875,0.1983610466840319,0.16349250143504873,0.7093809887764143,0.7066142339581524,1,2.4277323566542517,4.114958714456943,1.7249831871949797,2.0276615879770805,0.7678596700150364,0.9317419622377415,283,77,True,0.001,0.0001,True,50,200,50,200,96,14,58.0,42.0,14,96,1.25,0.55,1.1,3.2,1.0,1.5,1.0
feature_prob,1,0.0,-0.28940598642531223,0.0,-3300.4200396152437,0.0,1440.0,-12502.338613573489,BTC/USDT:USDT,BTCUSDT,60,10,60,30m,3m,3m,1h,5m,feature_prob,feature_prob,False,0.22066030097034955,0.12080788691054592,0.2934885606647294,0.15386512718392134,0.1239874996608456,0.18768257491563164,0.2508864176451452,0.1198513763405965,0.1634876748055555,0.6489510332085661,0.6385841608491911,2,0.9328724074651045,4.933971358200864,2.3858911372400957,1.0519037480375473,1.822087139422182,0.3827275741331373,295,313,True,0.001,0.0001,True,50,200,50,200,96,14,58.0,42.0,14,96,1.25,0.55,1.1,3.2,1.0,1.5,1.0
legacy_classic,3,0.0,-0.5309995492325166,0.0,-15.024406715988668,-0.37245039644399125,6.956521739130435,-36.93909907704463,BTC/USDT:USDT,BTCUSDT,60,10,60,15m,3m,1m,15m,5m,legacy_classic,legacy_classic,False,0.1,0.12,0.14,0.1,0.08,0.08,0.12,0.16,0.1,0.58,0.58,2,1.2,2.8,1.0,1.5,1.0,0.594074604058016,672,234,True,0.001,0.0001,True,56,214,32,173,46,24,69.352936330398,37.751722032147,27,84,0.6521519827831894,0.3555299566983778,3.1166462010191616,2.529905165532098,1.9291372712780048,4.1710758153007506,2.052053181315623
legacy_classic,2,0.0,-0.5676585917497439,0.0,-15.352727982362605,-0.33128649286479805,4.260355029585799,-36.2764070467292,BTC/USDT:USDT,BTCUSDT,60,10,60,15m,15m,5m,15m,15m,legacy_classic,legacy_classic,True,0.1,0.12,0.14,0.1,0.08,0.08,0.12,0.16,0.1,0.58,0.58,2,1.2,2.8,1.0,1.5,1.0,0.939825416572149,193,255,True,0.001,0.0001,True,38,298,77,250,31,29,52.71790204825922,36.94289319665248,26,143,0.7432881153658271,0.9425184101977601,3.3072072940570045,5.6349159821849355,1.8517847805962868,1.7400640559249747,0.5707438317629305
legacy_classic,2,0.0,-0.3757006623497803,0.0,-13.610295103461281,-0.21925952783202377,4.260355029585799,-24.00927309690904,BTC/USDT:USDT,BTCUSDT,60,10,60,15m,1m,5m,1h,15m,legacy_classic,legacy_classic,False,0.1,0.12,0.14,0.1,0.08,0.08,0.12,0.16,0.1,0.58,0.58,2,1.2,2.8,1.0,1.5,1.0,0.6277899664259212,231,335,True,0.001,0.0001,True,53,247,58,104,80,11,53.77654949451528,31.544837687025655,19,118,0.9258049692925956,0.8384890619965996,3.3379041106456135,1.9530798641130498,2.800904552134945,3.0026268472375106,1.2829710707373616
legacy_classic,1,0.0,-0.044751411746122904,0.0,-2032.6360699036472,0.0,1440.0,-1933.2609874325094,BTC/USDT:USDT,BTCUSDT,60,10,60,5m,3m,1m,4h,1h,legacy_classic,legacy_classic,False,0.1,0.12,0.14,0.1,0.08,0.08,0.12,0.16,0.1,0.58,0.58,2,1.2,2.8,1.0,1.5,1.0,0.1534102110861444,329,246,True,0.001,0.0001,True,60,170,68,157,114,24,52.142835914944676,30.71324429671722,21,84,0.7403960156484846,0.835431380578478,2.85139884942809,1.9124635331965336,2.6173902902752846,1.5560380797669322,0.7380853231594378
legacy_classic,3,33.33333333333333,-0.01987172663658069,0.6959590614165818,-1.8232068771144494,-0.038143457194969366,6.390532544378698,-1.2699091578406594,BTC/USDT:USDT,BTCUSDT,60,10,60,30m,3m,15m,4h,15m,legacy_classic,legacy_classic,False,0.1,0.12,0.14,0.1,0.08,0.08,0.12,0.16,0.1,0.58,0.58,2,1.2,2.8,1.0,1.5,1.0,0.1,323,210,True,0.001,0.0001,True,62,188,71,175,124,29,52.353136312131895,32.526613931849305,23,72,0.7403960156484846,0.8298748904247355,3.05631355134984,1.8689184471682228,2.6173902902752846,1.8073204124074076,0.7380853231594378
legacy_classic,1,0.0,-0.8432713116123673,0.0,-6172.961750710125,0.0,1440.0,-36429.32066165427,BTC/USDT:USDT,BTCUSDT,60,10,60,5m,3m,5m,4h,1h,legacy_classic,legacy_classic,True,0.1,0.12,0.14,0.1,0.08,0.08,0.12,0.16,0.1,0.58,0.58,2,1.2,2.8,1.0,1.5,1.0,0.9941422022188353,217,241,True,0.001,0.0001,True,40,240,30,196,106,25,68.6954825192277,26.695454545902322,23,23,1.0528552094300854,0.672789243118032,0.9805994096769302,3.039929701741099,1.7203797004033103,2.292460932684995,0.6800320087065483
feature_prob,1,0.0,-0.20873675293747412,0.0,-2882.150063980803,0.0,1440.0,-9017.427726898883,BTC/USDT:USDT,BTCUSDT,60,10,60,5m,1m,1m,15m,15m,feature_prob,feature_prob,False,0.12653815477174352,0.11224952749337694,0.20242236560916205,0.03377614898650022,0.21198316017033245,0.14199954681088375,0.19531950214921512,0.34024083587559084,0.23318727175633377,0.6327660606843609,0.7145961123391361,1,1.826430525925276,3.944191528076273,2.336081693098229,1.810325729316095,1.3440030100119156,0.2760458139479597,526,265,True,0.001,0.0001,True,50,200,50,200,96,14,58.0,42.0,14,96,1.25,0.55,1.1,3.2,1.0,1.5,1.0
feature_prob,1,0.0,-0.11114084363888274,0.0,-2376.1152742676068,0.0,1440.0,-4801.284445199734,BTC/USDT:USDT,BTCUSDT,60,10,60,5m,5m,5m,15m,5m,feature_prob,feature_prob,True,0.21321279311203306,0.09179598001713504,0.1806436792258339,0.2180189919658993,0.23076952779428447,0.1561881089579115,0.18415406145865848,0.07040874949531944,0.13342242998483872,0.6373605663248101,0.5340556015023867,3,1.5738518020903105,5.069961365801932,1.9465029594396626,1.649458850168294,0.5409118757273601,0.14697921766728023,237,264,True,0.001,0.0001,True,50,200,50,200,96,14,58.0,42.0,14,96,1.25,0.55,1.1,3.2,1.0,1.5,1.0
legacy_classic,6,16.666666666666664,-0.7049676706086397,0.27580498071198234,-18.228944134358095,-0.6331396648933507,13.2312404287902,-46.63798372173543,BTC/USDT:USDT,BTCUSDT,60,10,60,15m,3m,3m,1h,1h,legacy_classic,legacy_classic,False,0.1,0.12,0.14,0.1,0.08,0.08,0.12,0.16,0.1,0.58,0.58,2,1.2,2.8,1.0,1.5,1.0,0.29536054892187225,474,11,True,0.001,0.0001,True,46,232,14,160,54,17,61.72050343128606,39.263776027133716,18,38,0.8656528601807505,0.4251846077588456,1.5521122033099908,2.3443317853242345,1.74670804767608,2.36240638669203,0.7174424202610545
legacy_classic,3,0.0,-2.4115548531606548,0.0,-32.19539233175547,-1.7325941697968945,6.486486486486486,-156.4251796644749,BTC/USDT:USDT,BTCUSDT,60,10,60,5m,1m,1m,15m,15m,legacy_classic,legacy_classic,True,0.1,0.12,0.14,0.1,0.08,0.08,0.12,0.16,0.1,0.58,0.58,2,1.2,2.8,1.0,1.5,1.0,0.7794459744591867,628,85,True,0.001,0.0001,True,58,191,59,94,87,28,63.434079008549276,32.04879428928341,11,85,0.8853889138999066,0.39826500823856514,0.954886679300424,5.246948158542936,2.6556294560601343,3.7551265928123554,0.6993552700500105
legacy_classic,3,0.0,-1.019697263222844,0.0,-19.24631565264728,-0.7163072460888316,6.4767616191904045,-66.04336097635212,BTC/USDT:USDT,BTCUSDT,60,10,60,15m,5m,3m,4h,15m,legacy_classic,legacy_classic,False,0.1,0.12,0.14,0.1,0.08,0.08,0.12,0.16,0.1,0.58,0.58,2,1.2,2.8,1.0,1.5,1.0,0.6144964223686249,408,114,True,0.001,0.0001,True,32,222,79,214,140,12,56.749921690405756,36.5308095420404,23,40,0.9819302203880229,0.7395348658782981,1.684723039329891,1.7581129205108845,1.3288103630025092,0.8297735628724278,1.9137025710329651
legacy_classic,1,0.0,-0.03387851296808127,0.0,-1976.2600897395014,0.0,1440.0,-1463.5517602211107,BTC/USDT:USDT,BTCUSDT,60,10,60,15m,3m,15m,4h,15m,legacy_classic,legacy_classic,False,0.1,0.12,0.14,0.1,0.08,0.08,0.12,0.16,0.1,0.58,0.58,2,1.2,2.8,1.0,1.5,1.0,0.11170806108499909,323,239,True,0.001,0.0001,True,59,208,65,190,111,29,52.353136312131895,33.78054421552234,21,72,0.9503110116818413,0.9925125393227457,2.7426514393736645,2.722064286851769,2.6173902902752846,1.9110854883163915,0.7380853231594378
legacy_classic,3,0.0,-0.19612221433678065,0.0,-11.599576003135788,-0.14209045246461796,6.390532544378698,-12.533253933948112,BTC/USDT:USDT,BTCUSDT,60,10,60,30m,3m,15m,4h,5m,legacy_classic,legacy_classic,False,0.1,0.12,0.14,0.1,0.08,0.08,0.12,0.16,0.1,0.58,0.58,2,1.2,2.8,1.0,1.5,1.0,0.1985347775134625,262,210,True,0.001,0.0001,True,55,188,71,175,107,30,52.353136312131895,32.526613931849305,26,60,0.715703526133083,0.8992164992685626,3.05631355134984,1.8689184471682228,2.90611312264753,1.8073204124074076,0.5901870233770271
feature_prob,1,0.0,-0.2111050326989778,0.0,-2894.4295945442,0.0,1440.0,-9119.737412595841,BTC/USDT:USDT,BTCUSDT,60,10,60,1h,1m,1m,4h,1h,feature_prob,feature_prob,False,0.172376762861631,0.15775594326787148,0.2968298337718043,0.034911404271324636,0.042894973132761444,0.10818303037826336,0.20755197913838733,0.253317885210123,0.1947478495621869,0.6982192627409346,0.6120882839172312,1,1.5122856685822212,1.572152482181304,1.2586628727836153,2.4444184642452544,0.7035032261406424,0.27917776701909225,543,355,True,0.001,0.0001,True,50,200,50,200,96,14,58.0,42.0,14,96,1.25,0.55,1.1,3.2,1.0,1.5,1.0
feature_prob,1,0.0,-0.2549483470999801,0.0,-3121.757179713397,0.0,1440.0,-11013.76859471914,BTC/USDT:USDT,BTCUSDT,60,10,60,5m,3m,5m,4h,15m,feature_prob,feature_prob,True,0.13150593532920318,0.05524654398809514,0.09771593029101774,0.03210068383710854,0.18722249083824913,0.23587153930476806,0.28349309612001156,0.1530928776741209,0.17010822626829775,0.5506347028347074,0.6332779461570921,1,2.342817393632135,1.6335555462173992,1.3522213271386612,1.561724944175868,1.711445939033328,0.3371587561821569,290,82,True,0.001,0.0001,True,50,200,50,200,96,14,58.0,42.0,14,96,1.25,0.55,1.1,3.2,1.0,1.5,1.0
legacy_classic,2,0.0,-0.11056468537416012,0.0,-17.24387110344316,-0.05413161528858645,11.65991902834008,-19.337629182849057,BTC/USDT:USDT,BTCUSDT,60,10,60,15m,5m,3m,4h,5m,legacy_classic,legacy_classic,False,0.1,0.12,0.14,0.1,0.08,0.08,0.12,0.16,0.1,0.58,0.58,2,1.2,2.8,1.0,1.5,1.0,0.2215739542669991,533,221,True,0.001,0.0001,True,58,143,36,84,41,12,66.92842977165014,29.97754696669776,7,56,1.0634683588258869,0.7089626136480925,3.2658442836078176,2.6076732547262105,0.5414878543101547,2.2796182343901976,0.5533059470478976
legacy_classic,3,0.0,-0.8273679674923224,0.0,-17.464607196374992,-0.5812015896006402,6.4767616191904045,-53.58665096801849,BTC/USDT:USDT,BTCUSDT,60,10,60,30m,3m,1m,4h,5m,legacy_classic,legacy_classic,False,0.1,0.12,0.14,0.1,0.08,0.08,0.12,0.16,0.1,0.58,0.58,2,1.2,2.8,1.0,1.5,1.0,0.916178426999983,190,232,True,0.001,0.0001,True,23,109,56,81,93,17,71.49308521704108,34.8356990168495,26,26,0.7324234368130068,0.7898318935268602,3.095720682490292,3.6662814897678078,2.6011948406326226,2.88321505998929,1.5298584640445712
legacy_classic,2,0.0,-0.09361920746775353,0.0,-11.060579729927642,-0.05464121931671424,4.324324324324324,-6.07259724115158,BTC/USDT:USDT,BTCUSDT,60,10,60,5m,5m,5m,15m,15m,legacy_classic,legacy_classic,True,0.1,0.12,0.14,0.1,0.08,0.08,0.12,0.16,0.1,0.58,0.58,2,1.2,2.8,1.0,1.5,1.0,0.1604896982776438,212,299,True,0.001,0.0001,True,64,284,48,200,41,13,52.69048419622898,31.617399571720064,30,115,0.800342676771249,0.41442475242222976,3.4248234157775226,2.6803302288146376,1.5795037122693587,1.9875830489049853,2.067995826476946
legacy_classic,2,0.0,-0.3550927367871952,0.0,-13.423233661516981,-0.20723270839500307,4.260355029585799,-22.692316907110705,BTC/USDT:USDT,BTCUSDT,60,10,60,5m,3m,1m,4h,5m,legacy_classic,legacy_classic,True,0.1,0.12,0.14,0.1,0.08,0.08,0.12,0.16,0.1,0.58,0.58,2,1.2,2.8,1.0,1.5,1.0,0.4702437242428539,250,255,True,0.001,0.0001,True,66,183,74,80,55,9,62.88506886108241,39.944646421055886,21,22,0.7539002225143508,0.9600830542485475,2.6453471078430946,4.580167235033358,1.1715596903829786,1.0609248881370736,1.677419626557326
legacy_classic,3,0.0,-0.10355938799439682,0.0,-10.749805257078934,-0.07440900282796649,6.390532544378698,-6.617996392541334,BTC/USDT:USDT,BTCUSDT,60,10,60,30m,3m,15m,1h,15m,legacy_classic,legacy_classic,True,0.1,0.12,0.14,0.1,0.08,0.08,0.12,0.16,0.1,0.58,0.58,2,1.2,2.8,1.0,1.5,1.0,0.1,339,191,True,0.001,0.0001,True,63,172,71,175,122,30,51.47382151790099,32.01368344570622,22,62,0.7403960156484846,0.8802275353319187,2.8534229196173326,1.8689184471682228,2.6173902902752846,1.6271821604505428,0.7253385604605628
legacy_classic,2,0.0,-0.060641358640876705,0.0,-16.45910079580493,-0.03342609562807844,11.900826446280991,-10.825234269776336,BTC/USDT:USDT,BTCUSDT,60,10,60,30m,3m,15m,4h,15m,legacy_classic,legacy_classic,False,0.1,0.12,0.14,0.1,0.08,0.08,0.12,0.16,0.1,0.58,0.58,2,1.2,2.8,1.0,1.5,1.0,0.1,372,214,True,0.001,0.0001,True,62,188,65,160,116,30,52.353136312131895,30.283916458730054,21,77,0.7403960156484846,0.8885362733616851,3.05631355134984,1.8689184471682228,2.851902871239295,1.8073204124074076,0.9481716263804757
legacy_classic,1,0.0,-0.6250776253878376,0.0,-5041.6274876359375,0.0,1440.0,-27003.353416754584,BTC/USDT:USDT,BTCUSDT,60,10,60,30m,1m,3m,1h,5m,legacy_classic,legacy_classic,True,0.1,0.12,0.14,0.1,0.08,0.08,0.12,0.16,0.1,0.58,0.58,2,1.2,2.8,1.0,1.5,1.0,0.8043434955288901,660,115,True,0.001,0.0001,True,64,189,67,193,137,24,74.58421005542718,47.71326147321119,24,146,1.3087033933977237,0.896839248734577,1.0703308503066373,3.8040797705798584,1.5449920593933346,4.107206248818286,1.6961853374837337
legacy_classic,1,0.0,-0.24971595176115552,0.0,-3095.377209881591,0.0,1440.0,-10787.729116081919,BTC/USDT:USDT,BTCUSDT,60,10,60,30m,3m,5m,4h,1h,legacy_classic,legacy_classic,False,0.1,0.12,0.14,0.1,0.08,0.08,0.12,0.16,0.1,0.58,0.58,2,1.2,2.8,1.0,1.5,1.0,0.31815851550846486,576,305,True,0.001,0.0001,True,71,225,33,47,53,8,55.148432384136655,32.91091381822714,10,35,1.0232576486209122,0.9674236001540636,1.0597604522125499,5.239601818353513,1.1484168568978226,2.34436954823808,1.7279101035518396
feature_prob,1,0.0,-0.7005621594620423,0.0,-5432.2647968106885,0.0,1440.0,-30264.285288760224,BTC/USDT:USDT,BTCUSDT,60,10,60,15m,1m,3m,4h,15m,feature_prob,feature_prob,True,0.1776504947909607,0.21159090024811875,0.12958571365618698,0.05120216540615036,0.20226859595188912,0.1799167369674015,0.2137456450969072,0.08164761998308126,0.084119386968483,0.5673985792149094,0.6720809366012872,1,0.8754804152703902,2.543045589385729,1.5902053749300462,1.5593280823320632,2.3362131648640903,0.9264647878649709,167,18,True,0.001,0.0001,True,50,200,50,200,96,14,58.0,42.0,14,96,1.25,0.55,1.1,3.2,1.0,1.5,1.0
legacy_classic,3,0.0,-0.5696816438845952,0.0,-15.024892022848121,-0.4093249667827601,6.390532544378698,-36.405690851796614,BTC/USDT:USDT,BTCUSDT,60,10,60,15m,15m,1m,1h,1h,legacy_classic,legacy_classic,False,0.1,0.12,0.14,0.1,0.08,0.08,0.12,0.16,0.1,0.58,0.58,2,1.2,2.8,1.0,1.5,1.0,0.32923555862723125,238,191,True,0.001,0.0001,True,71,164,22,148,128,22,57.06828342542913,31.944009945817793,25,120,0.7665892777245441,0.9402356095061747,1.707772944755682,1.9639590826457318,2.1342982544053233,0.8525368650574421,1.5687403002731135
legacy_classic,4,0.0,-0.7452431488715701,0.0,-17.501959745181505,-0.5919830532491105,8.820826952526799,-49.30245640314215,BTC/USDT:USDT,BTCUSDT,60,10,60,30m,3m,15m,1h,1h,legacy_classic,legacy_classic,False,0.1,0.12,0.14,0.1,0.08,0.08,0.12,0.16,0.1,0.58,0.58,2,1.2,2.8,1.0,1.5,1.0,0.3475500274136699,91,156,True,0.001,0.0001,True,75,147,24,101,131,26,67.26751868095332,38.922241776072084,20,24,0.8357378198367067,0.25976288354553084,1.8862475024007233,1.8334679629424357,1.3891113446101206,0.9775743948935401,1.8950128374944515
legacy_classic,3,0.0,-0.5717498218049805,0.0,-15.430532961194118,-0.4084500881611124,6.956521739130435,-39.77390064730299,BTC/USDT:USDT,BTCUSDT,60,10,60,15m,1m,1m,4h,15m,legacy_classic,legacy_classic,True,0.1,0.12,0.14,0.1,0.08,0.08,0.12,0.16,0.1,0.58,0.58,2,1.2,2.8,1.0,1.5,1.0,0.670770968730572,329,162,True,0.001,0.0001,True,46,125,46,165,103,19,53.44592902557631,36.18968195425108,24,58,0.9460549972972894,0.4383137215148034,3.416640025863625,5.831775809216606,2.8141637916091735,4.25803988312073,1.7456912905124051
legacy_classic,3,0.0,-0.0962100948794412,0.0,-10.682803503876153,-0.06970416869559003,6.390532544378698,-6.1483374242483135,BTC/USDT:USDT,BTCUSDT,60,10,60,30m,3m,5m,4h,15m,legacy_classic,legacy_classic,False,0.1,0.12,0.14,0.1,0.08,0.08,0.12,0.16,0.1,0.58,0.58,2,1.2,2.8,1.0,1.5,1.0,0.1,281,216,True,0.001,0.0001,True,57,188,77,175,124,27,52.353136312131895,34.05103233806937,21,72,0.6820060994120262,0.8404509857467277,3.1381049118080675,1.8689184471682228,2.8111670351226286,1.5034199308709637,0.7982872505034523
legacy_classic,2,0.0,-0.057473473492923415,0.0,-17.30023713169065,-0.03025821048012515,12.5764192139738,-10.842157444953239,BTC/USDT:USDT,BTCUSDT,60,10,60,30m,3m,15m,4h,15m,legacy_classic,legacy_classic,False,0.1,0.12,0.14,0.1,0.08,0.08,0.12,0.16,0.1,0.58,0.58,2,1.2,2.8,1.0,1.5,1.0,0.1,323,210,True,0.001,0.0001,True,62,182,71,165,124,29,50.29554745500473,31.42686627215757,23,65,0.711008113407247,0.7441521329182239,3.05631355134984,2.001095474540151,2.3096939494702173,1.4122093662150976,0.7991684450472869
legacy_classic,1,0.0,-0.3483470769047454,0.0,-3606.7795937511046,0.0,1440.0,-15048.593722285003,BTC/USDT:USDT,BTCUSDT,60,10,60,5m,5m,3m,1h,5m,legacy_classic,legacy_classic,False,0.1,0.12,0.14,0.1,0.08,0.08,0.12,0.16,0.1,0.58,0.58,2,1.2,2.8,1.0,1.5,1.0,0.645756954998499,700,344,True,0.001,0.0001,True,35,215,11,196,96,11,50.71958281702606,42.699929026533134,18,102,1.5119189301382767,0.3882684500190509,1.5419396088260493,3.9715649818216447,0.5300627896760675,2.96629753524999,1.065684710261297
feature_prob,1,0.0,-0.3400819533898817,0.0,-3563.1749283265362,0.0,1440.0,-14691.540386442888,BTC/USDT:USDT,BTCUSDT,60,10,60,5m,5m,5m,4h,1h,feature_prob,feature_prob,False,0.06348547993381343,0.04301202856908064,0.11294748126415721,0.1802270503332269,0.13010534509727567,0.12997395933751865,0.20399619810432165,0.1450614276913816,0.24993453155911527,0.7030612451222503,0.5734719816353158,3,1.2145574168352649,4.749767809393378,2.4731769616426007,3.969258666796063,0.8567153632850042,0.44974446670942825,671,294,True,0.001,0.0001,True,50,200,50,200,96,14,58.0,42.0,14,96,1.25,0.55,1.1,3.2,1.0,1.5,1.0
legacy_classic,3,0.0,-1.232382659869667,0.0,-21.216599837861686,-0.8657124629606381,6.4767616191904045,-79.81848711599643,BTC/USDT:USDT,BTCUSDT,60,10,60,15m,3m,5m,1h,15m,legacy_classic,legacy_classic,False,0.1,0.12,0.14,0.1,0.08,0.08,0.12,0.16,0.1,0.58,0.58,2,1.2,2.8,1.0,1.5,1.0,0.38859009230752173,526,161,True,0.001,0.0001,True,20,214,53,121,94,18,54.76413397739751,38.66429736131062,12,59,0.9375651218471572,0.7684710281400479,0.8815086016537813,2.043343544055319,0.5835383082697818,2.658787000332147,1.857499781170839
legacy_classic,2,0.0,-0.5643813415857308,0.0,-17.16934662285128,-0.3134874758628085,6.088794926004228,-51.54603373467985,BTC/USDT:USDT,BTCUSDT,60,10,60,5m,5m,5m,1h,5m,legacy_classic,legacy_classic,True,0.1,0.12,0.14,0.1,0.08,0.08,0.12,0.16,0.1,0.58,0.58,2,1.2,2.8,1.0,1.5,1.0,0.9740116885912872,504,330,True,0.001,0.0001,True,41,145,47,158,39,23,68.51759747407715,43.693264403354874,7,29,0.6338451166612601,0.31863122098877206,3.22912285433088,2.60427119608432,2.149212001518568,3.972888301598841,1.397121479225315
legacy_classic,3,33.33333333333333,-0.2709963792441317,0.5561045190258179,-5.260851628472597,-0.372289943078598,6.967741935483871,-18.882328360236276,BTC/USDT:USDT,BTCUSDT,60,10,60,15m,15m,5m,15m,15m,legacy_classic,legacy_classic,False,0.1,0.12,0.14,0.1,0.08,0.08,0.12,0.16,0.1,0.58,0.58,2,1.2,2.8,1.0,1.5,1.0,0.9956163326726104,85,232,True,0.001,0.0001,True,68,209,35,200,75,16,67.002976927435,48.33280811434635,10,29,0.7229764792899405,0.6205132359565201,3.4765606014526815,4.108193694043496,1.2591428831402356,3.865509763572679,0.9428229675773294
legacy_classic,3,0.0,-0.7750882936423424,0.0,-17.41444909198888,-0.5272264585491072,6.956521739130435,-53.919185644684696,BTC/USDT:USDT,BTCUSDT,60,10,60,5m,5m,1m,1h,1h,legacy_classic,legacy_classic,False,0.1,0.12,0.14,0.1,0.08,0.08,0.12,0.16,0.1,0.58,0.58,2,1.2,2.8,1.0,1.5,1.0,0.8867938167466599,48,153,True,0.001,0.0001,True,40,176,52,213,58,22,73.5947236822882,36.469528209800075,12,25,0.9613831993949756,0.520681867237768,2.9759349806923714,2.401416273724001,2.237276562802385,1.42094301867977,0.6501974798742325
legacy_classic,3,0.0,-0.09878481583584607,0.0,-10.706428599399297,-0.0715695528230478,6.390532544378698,-6.312875804894304,BTC/USDT:USDT,BTCUSDT,60,10,60,30m,3m,15m,4h,15m,legacy_classic,legacy_classic,False,0.1,0.12,0.14,0.1,0.08,0.08,0.12,0.16,0.1,0.58,0.58,2,1.2,2.8,1.0,1.5,1.0,0.1,359,210,True,0.001,0.0001,True,55,180,71,175,117,30,50.40972392610509,36.11836678174785,26,72,0.7249948908084003,0.8591656482531927,3.05631355134984,2.2169963756904143,2.6615866744737557,2.1627385708371625,0.7380853231594378
legacy_classic,2,0.0,-0.07482813823773347,0.0,-10.879226999061519,-0.04366982521654433,4.260355029585799,-4.781916526435039,BTC/USDT:USDT,BTCUSDT,60,10,60,30m,3m,15m,4h,15m,legacy_classic,legacy_classic,False,0.1,0.12,0.14,0.1,0.08,0.08,0.12,0.16,0.1,0.58,0.58,2,1.2,2.8,1.0,1.5,1.0,0.1,323,240,True,0.001,0.0001,True,62,165,79,164,123,30,52.353136312131895,35.78467595703636,24,51,0.9209366694593156,0.8298748904247355,2.6695404559611475,1.8952908915275084,2.3591443568464445,1.8003259479571383,0.4160400787427654
legacy_classic,1,0.0,-0.21580415017972193,0.0,-2919.544518681858,0.0,1440.0,-9322.739287763987,BTC/USDT:USDT,BTCUSDT,60,10,60,30m,5m,5m,1h,15m,legacy_classic,legacy_classic,False,0.1,0.12,0.14,0.1,0.08,0.08,0.12,0.16,0.1,0.58,0.58,2,1.2,2.8,1.0,1.5,1.0,0.6002989596330797,718,116,True,0.001,0.0001,True,68,265,61,198,126,24,54.134609624023035,45.18675541980272,29,34,1.5922872033997246,0.6631963906642965,2.3137596392501583,4.972850405315052,1.2672656908370308,2.4638236275579777,1.7209288588489855
feature_prob,1,0.0,-0.6047418445511757,0.0,-4935.436463997846,0.0,1440.0,-26124.84768461079,BTC/USDT:USDT,BTCUSDT,60,10,60,15m,3m,5m,15m,5m,feature_prob,feature_prob,True,0.12211458860611434,0.14228935398277912,0.050466948119574535,0.21010625399264374,0.21963022784955302,0.09536814953304798,0.07840799477351061,0.31047558505973394,0.08443858903686492,0.6134060323071703,0.6835447106904092,1,2.45942735309559,3.516125201173474,2.207828534476227,2.862396119833951,1.4872920392965745,0.7997463425021498,539,141,True,0.001,0.0001,True,50,200,50,200,96,14,58.0,42.0,14,96,1.25,0.55,1.1,3.2,1.0,1.5,1.0
legacy_classic,2,0.0,-0.31391399818016874,0.0,-21.784776931619707,-0.1536898669379495,11.65991902834008,-54.90317700964894,BTC/USDT:USDT,BTCUSDT,60,10,60,15m,3m,3m,4h,5m,legacy_classic,legacy_classic,True,0.1,0.12,0.14,0.1,0.08,0.08,0.12,0.16,0.1,0.58,0.58,2,1.2,2.8,1.0,1.5,1.0,0.16999987764748783,235,152,True,0.001,0.0001,True,79,272,25,222,27,26,57.23394508014396,33.833689398190735,25,138,1.0969598228298358,0.2383290738762907,0.8825333505454346,2.2453427690656866,2.605674212781066,1.6273304215320863,2.1595316592026768
legacy_classic,3,0.0,-0.16122667535338778,0.0,-11.279381909960968,-0.116808650808878,6.390532544378698,-10.303243158678034,BTC/USDT:USDT,BTCUSDT,60,10,60,30m,5m,15m,1h,15m,legacy_classic,legacy_classic,False,0.1,0.12,0.14,0.1,0.08,0.08,0.12,0.16,0.1,0.58,0.58,2,1.2,2.8,1.0,1.5,1.0,0.1291929879780284,354,219,True,0.001,0.0001,True,50,151,45,228,51,18,67.11786226177963,47.557794595549915,9,66,0.8356657002399933,0.9316039999544123,2.4193023416310324,2.6434165899961726,2.247220101063813,3.6513974348704368,2.299569731515272
legacy_classic,2,0.0,-0.1604263495638431,0.0,-11.672820580090882,-0.09363194607533117,4.31784107946027,-10.390432235619224,BTC/USDT:USDT,BTCUSDT,60,10,60,5m,5m,5m,4h,5m,legacy_classic,legacy_classic,True,0.1,0.12,0.14,0.1,0.08,0.08,0.12,0.16,0.1,0.58,0.58,2,1.2,2.8,1.0,1.5,1.0,0.18263610085150417,552,297,True,0.001,0.0001,True,25,144,50,79,108,30,70.51781003420862,33.557484427644354,9,135,0.8544992499829367,0.6520904487388638,2.2743484011149624,4.701530733585107,1.8757908762830455,1.6201781437265161,1.8612527701398065
legacy_classic,3,0.0,-0.7316873324387287,0.0,-16.998936833603324,-0.5132155713384982,6.956521739130435,-50.899988343563734,BTC/USDT:USDT,BTCUSDT,60,10,60,30m,5m,5m,4h,15m,legacy_classic,legacy_classic,False,0.1,0.12,0.14,0.1,0.08,0.08,0.12,0.16,0.1,0.58,0.58,2,1.2,2.8,1.0,1.5,1.0,0.823721718202293,85,198,True,0.001,0.0001,True,60,140,19,229,42,22,73.08951047997733,46.84052797412507,24,24,0.6157533976013879,0.5754466794104429,3.136141503957788,2.9408171354235524,1.9085675210451718,4.393050745759605,1.6696626077938799
legacy_classic,3,33.33333333333333,-0.025014135610454215,0.6172792929399896,-2.339863175232728,-0.038143457194969366,6.390532544378698,-1.5985364768810977,BTC/USDT:USDT,BTCUSDT,60,10,60,30m,3m,5m,4h,1h,legacy_classic,legacy_classic,True,0.1,0.12,0.14,0.1,0.08,0.08,0.12,0.16,0.1,0.58,0.58,2,1.2,2.8,1.0,1.5,1.0,0.1,323,210,True,0.001,0.0001,True,62,176,71,157,117,29,52.353136312131895,32.526613931849305,23,53,0.7403960156484846,0.8298748904247355,3.05631355134984,1.8689184471682228,2.67463956310704,2.478724289574086,0.8952534654938238
legacy_classic,3,0.0,-0.09726095042699401,0.0,-10.692038508657957,-0.06988347918553242,6.390532544378698,-6.215492690009085,BTC/USDT:USDT,BTCUSDT,60,10,60,30m,3m,15m,4h,15m,legacy_classic,legacy_classic,False,0.1,0.12,0.14,0.1,0.08,0.08,0.12,0.16,0.1,0.58,0.58,2,1.2,2.8,1.0,1.5,1.0,0.1,328,206,True,0.001,0.0001,True,63,191,71,180,115,30,52.353136312131895,32.55213580472581,23,72,0.6213504284279499,0.9030424633901397,3.038205260666902,1.8689184471682228,2.4803313176961224,1.8904157207186887,0.8412336567464482
feature_prob,1,0.0,-0.3240891678639861,0.0,-3480.252335374768,0.0,1440.0,-14000.6520517242,BTC/USDT:USDT,BTCUSDT,60,10,60,5m,5m,1m,4h,5m,feature_prob,feature_prob,False,0.14092464850359754,0.2248756037457383,0.308302861499193,0.09657251947242487,0.1480587973604171,0.059336325649512245,0.22906757165376113,0.10753934782169819,0.23513189128829512,0.5889569004747826,0.6411202727693468,3,2.1871139417859444,5.294792318385668,0.8720544103818739,3.090145309518322,2.2334109017973485,0.4285946622995005,718,359,True,0.001,0.0001,True,50,200,50,200,96,14,58.0,42.0,14,96,1.25,0.55,1.1,3.2,1.0,1.5,1.0
feature_prob,1,0.0,-0.6181321069985669,0.0,-5004.864974787569,0.0,1440.0,-26703.30702233809,BTC/USDT:USDT,BTCUSDT,60,10,60,1h,15m,15m,4h,15m,feature_prob,feature_prob,True,0.16938758620537095,0.09208110689559822,0.18641205021988935,0.020982462420024352,0.15330478028654504,0.13388635538378932,0.08194140998771905,0.07372895382506318,0.24892634892935117,0.6727855636925228,0.6489144066167166,3,1.857776004638981,3.4316951862523406,1.642511885584716,1.2864736980484224,1.6307116691411319,0.8174544166397891,489,268,True,0.001,0.0001,True,50,200,50,200,96,14,58.0,42.0,14,96,1.25,0.55,1.1,3.2,1.0,1.5,1.0
legacy_classic,4,0.0,-0.23597668998617236,0.0,-13.330497629559561,-0.18632238920349117,9.27536231884058,-16.41576973816851,BTC/USDT:USDT,BTCUSDT,60,10,60,30m,1m,15m,1h,15m,legacy_classic,legacy_classic,False,0.1,0.12,0.14,0.1,0.08,0.08,0.12,0.16,0.1,0.58,0.58,2,1.2,2.8,1.0,1.5,1.0,0.1969001439963105,289,135,True,0.001,0.0001,True,72,122,41,95,28,23,52.70521591772716,41.9045727825621,9,78,0.6432185296241874,0.2181928510531868,3.2983717784706466,2.9974822065490887,2.072776019338052,3.5009764896115687,1.9547570797509368
legacy_classic,3,0.0,-0.3947142540893259,0.0,-13.678199665795077,-0.2768241453420107,6.945337620578778,-27.414237583052863,BTC/USDT:USDT,BTCUSDT,60,10,60,30m,5m,5m,4h,5m,legacy_classic,legacy_classic,True,0.1,0.12,0.14,0.1,0.08,0.08,0.12,0.16,0.1,0.58,0.58,2,1.2,2.8,1.0,1.5,1.0,0.1474857574507006,608,157,True,0.001,0.0001,True,29,247,35,88,28,28,73.05398145682815,45.63641032375317,12,68,0.8085495052420025,0.6639560718665006,1.040598408787462,4.639246032955789,1.2764860908324975,3.6244124571418936,1.5781915481147712
legacy_classic,3,0.0,-0.26495448592042903,0.0,-12.409822734288879,-0.19010611277962486,6.956521739130435,-18.43161641185593,BTC/USDT:USDT,BTCUSDT,60,10,60,15m,5m,15m,4h,1h,legacy_classic,legacy_classic,False,0.1,0.12,0.14,0.1,0.08,0.08,0.12,0.16,0.1,0.58,0.58,2,1.2,2.8,1.0,1.5,1.0,0.21820350862721083,90,177,True,0.001,0.0001,True,79,229,31,163,77,15,62.06637211944733,36.085639919955575,16,130,0.8554849339591353,0.4317113520856214,2.424877518955463,3.7147639403554784,1.7936850369942996,2.3795127000681573,2.053122189507941
legacy_classic,3,0.0,-0.09668469097820381,0.0,-10.68675328764128,-0.06946942796540555,6.390532544378698,-6.17866664239409,BTC/USDT:USDT,BTCUSDT,60,10,60,30m,3m,15m,4h,15m,legacy_classic,legacy_classic,False,0.1,0.12,0.14,0.1,0.08,0.08,0.12,0.16,0.1,0.58,0.58,2,1.2,2.8,1.0,1.5,1.0,0.1,309,162,True,0.001,0.0001,True,55,164,79,175,124,29,52.353136312131895,35.356390917510915,20,77,0.6,0.8551727345562602,3.05631355134984,1.582970550962524,2.5200984990258086,1.8073204124074076,0.7380853231594378
legacy_classic,2,50.0,0.01814148175854044,1.6713780627361878,1.2988805695295014,0.0,11.950207468879668,3.251917062111813,BTC/USDT:USDT,BTCUSDT,60,10,60,30m,3m,15m,4h,15m,legacy_classic,legacy_classic,False,0.1,0.12,0.14,0.1,0.08,0.08,0.12,0.16,0.1,0.58,0.58,2,1.2,2.8,1.0,1.5,1.0,0.1,274,210,True,0.001,0.0001,True,62,196,71,174,116,29,54.61493076471821,30.591504578558443,21,72,0.7403960156484846,0.8298748904247355,3.0782566967511107,2.2505705513579466,2.6460269924809525,1.9253128989427688,0.7380853231594378
legacy_classic,2,0.0,-1.3389094376546358,0.0,-22.27491282801779,-0.7768235452814675,4.229074889867841,-84.93522423888439,BTC/USDT:USDT,BTCUSDT,60,10,60,15m,15m,15m,4h,5m,legacy_classic,legacy_classic,False,0.1,0.12,0.14,0.1,0.08,0.08,0.12,0.16,0.1,0.58,0.58,2,1.2,2.8,1.0,1.5,1.0,0.9137454397132444,385,271,True,0.001,0.0001,True,26,289,58,60,54,30,68.85064166948084,29.756002739594813,20,49,0.7092309147497755,0.2658466662008634,1.3521752428667049,4.172945528593604,0.9801216914852382,2.950646575117812,2.458078841186919
feature_prob,1,0.0,-0.7286086945844317,0.0,-5577.686081420278,0.0,1440.0,-31475.89560604745,BTC/USDT:USDT,BTCUSDT,60,10,60,15m,3m,1m,15m,1h,feature_prob,feature_prob,False,0.10878988289237543,0.1187106428835048,0.20456775252003445,0.14729382705589852,0.23715314398748868,0.10254448393754419,0.1828832478944693,0.2456221995561686,0.23405820750089204,0.5465809570970999,0.6130091106061837,1,1.2524112063561799,4.524962182624558,0.8717589175580089,2.647360441544266,1.6960941944001748,0.963555182859278,189,47,True,0.001,0.0001,True,50,200,50,200,96,14,58.0,42.0,14,96,1.25,0.55,1.1,3.2,1.0,1.5,1.0
feature_prob,1,0.0,-0.18647281053859632,0.0,-2766.7115226426217,0.0,1440.0,-8055.625415267361,BTC/USDT:USDT,BTCUSDT,60,10,60,5m,3m,1m,4h,1h,feature_prob,feature_prob,True,0.17761082333103034,0.09662002197905911,0.3407799294083579,0.20793086724272128,0.06604894318355545,0.24806382267036153,0.1147063970248779,0.18612273489888168,0.10601517977302198,0.6416344834325588,0.5970576810585243,3,1.105942584973937,3.8287785039599247,2.377706137717273,2.662213716552909,2.4611949943556546,0.24660266119838295,385,18,True,0.001,0.0001,True,50,200,50,200,96,14,58.0,42.0,14,96,1.25,0.55,1.1,3.2,1.0,1.5,1.0
legacy_classic,3,0.0,-0.2531201284746189,0.0,-12.122576821060019,-0.18338541457165158,6.390532544378698,-16.17572418654369,BTC/USDT:USDT,BTCUSDT,60,10,60,30m,5m,3m,1h,1h,legacy_classic,legacy_classic,True,0.1,0.12,0.14,0.1,0.08,0.08,0.12,0.16,0.1,0.58,0.58,2,1.2,2.8,1.0,1.5,1.0,0.20723267153628833,367,212,True,0.001,0.0001,True,46,248,36,184,21,26,52.82938392813676,43.08927309979853,12,26,0.6149454935161055,0.8677021953209038,2.47183595457813,2.115639836645645,1.639242243541131,2.6387859497255155,1.5235475127153877
legacy_classic,2,0.0,-1.1026415502691251,0.0,-20.326526233938072,-0.7757619334415582,4.27299703264095,-70.67376108549882,BTC/USDT:USDT,BTCUSDT,60,10,60,30m,5m,1m,4h,5m,legacy_classic,legacy_classic,False,0.1,0.12,0.14,0.1,0.08,0.08,0.12,0.16,0.1,0.58,0.58,2,1.2,2.8,1.0,1.5,1.0,0.31762494367567096,397,316,True,0.001,0.0001,True,26,234,36,125,108,15,65.13659227224426,35.90472803821916,25,86,0.9916195739478902,0.9444137334501964,0.8082341631935115,5.331309422249917,2.0082791951780536,3.2387470020047875,0.7285343178679204
legacy_classic,3,33.33333333333333,-0.25929982031719867,0.510928051035414,-5.370618315294282,-0.3082529210279103,6.945337620578778,-18.00924797058357,BTC/USDT:USDT,BTCUSDT,60,10,60,5m,1m,3m,1h,15m,legacy_classic,legacy_classic,True,0.1,0.12,0.14,0.1,0.08,0.08,0.12,0.16,0.1,0.58,0.58,2,1.2,2.8,1.0,1.5,1.0,0.5370025101195817,681,224,True,0.001,0.0001,True,79,115,21,52,77,23,56.04568974073045,45.69062836749724,14,41,0.7132429243599466,0.6508473625329292,2.012620256409977,4.23105027977792,2.1143203946531726,3.8857284385232456,1.1130564180244633
legacy_classic,2,50.0,0.025549731201581216,1.9096983195610504,2.8955645720077072,0.0,11.950207468879668,4.579868829495056,BTC/USDT:USDT,BTCUSDT,60,10,60,30m,5m,15m,4h,5m,legacy_classic,legacy_classic,False,0.1,0.12,0.14,0.1,0.08,0.08,0.12,0.16,0.1,0.58,0.58,2,1.2,2.8,1.0,1.5,1.0,0.1,274,210,True,0.001,0.0001,True,59,188,78,164,111,29,55.52985942032661,30.591504578558443,21,72,0.7403960156484846,0.8298748904247355,2.961566574606157,2.2505705513579466,2.8715772325675353,1.9253128989427688,0.5398544011139563
legacy_classic,2,0.0,-0.10406216444016686,0.0,-17.44941362854661,-0.057360058181433145,11.900826446280991,-18.576386379401686,BTC/USDT:USDT,BTCUSDT,60,10,60,30m,3m,15m,4h,15m,legacy_classic,legacy_classic,False,0.1,0.12,0.14,0.1,0.08,0.08,0.12,0.16,0.1,0.58,0.58,2,1.2,2.8,1.0,1.5,1.0,0.1597967688979409,317,210,True,0.001,0.0001,True,61,221,71,174,116,29,52.53929773434599,30.591504578558443,21,87,0.6,0.865855838856187,2.8460463511084613,2.2505705513579466,2.863145061395968,1.577076966549022,0.7712396250522222
feature_prob,1,0.0,-0.7223083203254682,0.0,-5545.0186408875525,0.0,1440.0,-31203.719438060227,BTC/USDT:USDT,BTCUSDT,60,10,60,1h,3m,5m,1h,1h,feature_prob,feature_prob,False,0.14607527262700365,0.2609050307966769,0.18535110731465196,0.05734431152518754,0.06129669583487825,0.16772099059906306,0.1571773665873709,0.08813933909662112,0.1505082085801825,0.7056614140790016,0.6253042559390661,3,1.6717127265803602,4.7382060078807715,1.735275975866379,3.683973199879687,1.14626249586249,0.9552231957222869,431,131,True,0.001,0.0001,True,50,200,50,200,96,14,58.0,42.0,14,96,1.25,0.55,1.1,3.2,1.0,1.5,1.0
feature_prob,1,0.0,-0.146276228723156,0.0,-2558.292245929564,0.0,1440.0,-6319.133080840339,BTC/USDT:USDT,BTCUSDT,60,10,60,30m,15m,3m,1h,15m,feature_prob,feature_prob,True,0.11689561475987853,0.2953014409576498,0.09936088726913153,0.1609500765665533,0.22516307431107713,0.1263592958078634,0.036135767784426134,0.2971490218123695,0.13287070619106922,0.6262789396600255,0.5690315920866451,1,1.9363953453007545,4.5306289468295375,2.248468201285502,1.451195518792936,1.5232615037574349,0.19344432665011702,172,301,True,0.001,0.0001,True,50,200,50,200,96,14,58.0,42.0,14,96,1.25,0.55,1.1,3.2,1.0,1.5,1.0
legacy_classic,2,0.0,-0.20342774678647524,0.0,-12.712057673765612,-0.11299461226228996,6.088794926004228,-18.57944748662945,BTC/USDT:USDT,BTCUSDT,60,10,60,5m,3m,1m,1h,15m,legacy_classic,legacy_classic,False,0.1,0.12,0.14,0.1,0.08,0.08,0.12,0.16,0.1,0.58,0.58,2,1.2,2.8,1.0,1.5,1.0,0.26228114771023775,336,342,True,0.001,0.0001,True,59,157,67,95,101,8,52.283196529874296,47.46308796284932,23,30,0.6156385567717831,0.2308891772274948,2.41240341145408,3.7534669147756192,2.2030918127730827,1.537141794167444,0.6619288911303309
legacy_classic,2,0.0,-0.3990545921383464,0.0,-15.118559786323786,-0.221659000598888,6.075949367088608,-36.36953244805182,BTC/USDT:USDT,BTCUSDT,60,10,60,5m,5m,1m,4h,1h,legacy_classic,legacy_classic,False,0.1,0.12,0.14,0.1,0.08,0.08,0.12,0.16,0.1,0.58,0.58,2,1.2,2.8,1.0,1.5,1.0,0.5749908070617935,89,254,True,0.001,0.0001,True,67,123,42,133,84,24,54.73398977003015,43.49501453288092,24,131,0.6864251436937544,0.5097509292948015,2.6960535936813668,1.894098517593818,1.8392454221320957,1.2860659163902224,2.405092412066677
legacy_classic,2,0.0,-0.7730728183174359,0.0,-17.730802032649517,-0.44946734303391644,4.630225080385852,-53.6925172850695,BTC/USDT:USDT,BTCUSDT,60,10,60,15m,3m,3m,4h,1h,legacy_classic,legacy_classic,True,0.1,0.12,0.14,0.1,0.08,0.08,0.12,0.16,0.1,0.58,0.58,2,1.2,2.8,1.0,1.5,1.0,0.5686525957300649,689,264,True,0.001,0.0001,True,78,216,65,78,85,20,64.92660835156163,44.34745711993433,19,140,0.7118986652641788,0.6325822591592166,1.4616439982442893,3.288561991474066,2.942442263497735,2.8218512545384193,2.069877366667216
legacy_classic,1,0.0,-0.026106461076213387,0.0,-1935.9620006801665,0.0,1440.0,-1127.7991184924183,BTC/USDT:USDT,BTCUSDT,60,10,60,30m,5m,15m,4h,15m,legacy_classic,legacy_classic,False,0.1,0.12,0.14,0.1,0.08,0.08,0.12,0.16,0.1,0.58,0.58,2,1.2,2.8,1.0,1.5,1.0,0.1,421,243,True,0.001,0.0001,True,59,222,80,164,86,27,55.52985942032661,31.223767537882996,16,50,0.7403960156484846,0.8298748904247355,3.1861222747403506,1.6867254472444393,2.4255504710155735,1.4661147675449837,0.5398544011139563
legacy_classic,3,0.0,-0.09285773052356198,0.0,-10.65165393809077,-0.06671969839663514,6.390532544378698,-5.934103489079701,BTC/USDT:USDT,BTCUSDT,60,10,60,30m,5m,15m,4h,15m,legacy_classic,legacy_classic,False,0.1,0.12,0.14,0.1,0.08,0.08,0.12,0.16,0.1,0.58,0.58,2,1.2,2.8,1.0,1.5,1.0,0.1,385,156,True,0.001,0.0001,True,65,180,66,192,112,26,55.71897535323049,34.693544656070934,21,72,0.7403960156484846,0.8487568534540628,3.1822738890842834,2.2505705513579466,2.8715772325675353,2.5651280850864415,0.8696301124942667
legacy_classic,3,0.0,-0.44315127029354606,0.0,-14.158148031422218,-0.3165636201660328,6.945337620578778,-30.778351891770402,BTC/USDT:USDT,BTCUSDT,60,10,60,15m,1m,3m,1h,1h,legacy_classic,legacy_classic,True,0.1,0.12,0.14,0.1,0.08,0.08,0.12,0.16,0.1,0.58,0.58,2,1.2,2.8,1.0,1.5,1.0,0.49829430534353214,716,55,True,0.001,0.0001,True,69,266,26,175,30,14,64.63912925528679,44.84484680646878,25,20,0.8175853407301757,0.6986303195351219,3.274198677327105,2.1474760444585077,2.96281680293673,4.237933775378771,2.1223655633532648
feature_prob,1,0.0,-0.2629700140222957,0.0,-3163.3495227056032,0.0,1440.0,-11360.304605763175,BTC/USDT:USDT,BTCUSDT,60,10,60,30m,5m,15m,1h,1h,feature_prob,feature_prob,False,0.1644258772818608,0.27756513838392965,0.17411339878302926,0.10237040463457137,0.09273701759256958,0.21714034925358222,0.2504336092356255,0.29481204453433607,0.2374804321867641,0.6608130739284653,0.6285431795801584,2,2.3222014227254295,2.62860256409032,1.3016223089010084,2.9574847851913755,1.103776621074638,0.3477670824286293,331,199,True,0.001,0.0001,True,50,200,50,200,96,14,58.0,42.0,14,96,1.25,0.55,1.1,3.2,1.0,1.5,1.0
feature_prob,1,0.0,-0.6839339644594657,0.0,-5346.0476057223295,0.0,1440.0,-29545.94726464892,BTC/USDT:USDT,BTCUSDT,60,10,60,15m,1m,3m,4h,15m,feature_prob,feature_prob,True,0.24045317509173672,0.2757334958974866,0.11714393692365208,0.1883426552024098,0.043565142376486066,0.22509437025753984,0.16989245850452353,0.1312414618180931,0.07583714620487607,0.62320494884122,0.6889800372360981,4,1.8872263900268877,2.713327797722834,1.9035766389944637,1.9010733616002882,1.185116298978105,0.9044746804240135,254,290,True,0.001,0.0001,True,50,200,50,200,96,14,58.0,42.0,14,96,1.25,0.55,1.1,3.2,1.0,1.5,1.0
legacy_classic,4,0.0,-0.730860231737605,0.0,-17.369324102188365,-0.5861681603075967,8.820826952526799,-48.35093722980786,BTC/USDT:USDT,BTCUSDT,60,10,60,5m,3m,1m,15m,15m,legacy_classic,legacy_classic,False,0.1,0.12,0.14,0.1,0.08,0.08,0.12,0.16,0.1,0.58,0.58,2,1.2,2.8,1.0,1.5,1.0,0.37073944682667814,149,153,True,0.001,0.0001,True,33,281,15,69,79,9,56.10037730628739,49.65241822468079,22,93,0.8526520922453968,0.2610251275692913,2.131250539687496,4.94717179333402,2.761604137869168,3.85080778000681,1.0870468937202222
legacy_classic,4,0.0,-1.1742676554781257,0.0,-21.451387995334855,-0.9325169325663585,8.767123287671232,-77.21211981226031,BTC/USDT:USDT,BTCUSDT,60,10,60,15m,1m,5m,15m,5m,legacy_classic,legacy_classic,True,0.1,0.12,0.14,0.1,0.08,0.08,0.12,0.16,0.1,0.58,0.58,2,1.2,2.8,1.0,1.5,1.0,0.8585672086168178,35,173,True,0.001,0.0001,True,32,296,46,129,59,22,56.8136805239627,44.9783080073994,28,128,0.8401986996456399,0.2386019509130412,2.9540439931856426,3.6407088183018477,1.2926446198155666,2.111605389561196,1.9924410822790009
legacy_classic,3,0.0,-0.8338776497006245,0.0,-18.01194063064166,-0.5957105477716729,6.956521739130435,-58.00887997917388,BTC/USDT:USDT,BTCUSDT,60,10,60,15m,1m,3m,1h,1h,legacy_classic,legacy_classic,False,0.1,0.12,0.14,0.1,0.08,0.08,0.12,0.16,0.1,0.58,0.58,2,1.2,2.8,1.0,1.5,1.0,0.7468961244269972,332,211,True,0.001,0.0001,True,47,243,16,216,34,10,58.48899351563298,34.99134652997033,10,88,0.8965979147436703,0.5424530049084353,2.6084882011819746,2.8825060201624435,1.7818674554444076,2.993089483569632,1.9205572905413457
legacy_classic,2,0.0,-0.06758616134891895,0.0,-16.61749323270314,-0.0372541371601275,11.900826446280991,-12.064967645757433,BTC/USDT:USDT,BTCUSDT,60,10,60,30m,5m,15m,1h,5m,legacy_classic,legacy_classic,False,0.1,0.12,0.14,0.1,0.08,0.08,0.12,0.16,0.1,0.58,0.58,2,1.2,2.8,1.0,1.5,1.0,0.1,204,219,True,0.001,0.0001,True,71,188,80,146,111,30,54.23355240154007,34.5926288562739,17,91,0.7403960156484846,0.9717274468372922,2.742262653881906,2.2505705513579466,3.0,1.9253128989427688,0.4
legacy_classic,3,0.0,-0.10453258173796182,0.0,-10.759168884960868,-0.07573380652808648,6.390532544378698,-6.680188655443714,BTC/USDT:USDT,BTCUSDT,60,10,60,30m,5m,1m,4h,5m,legacy_classic,legacy_classic,False,0.1,0.12,0.14,0.1,0.08,0.08,0.12,0.16,0.1,0.58,0.58,2,1.2,2.8,1.0,1.5,1.0,0.1,335,210,True,0.001,0.0001,True,59,175,78,164,113,29,56.02717536183116,33.81669738506708,21,85,0.7096854838772466,0.9372030966175585,2.888260925799472,1.746154292428818,2.5486999274189555,2.3680748904741122,0.4
feature_prob,1,0.0,-0.645658055041865,0.0,-5147.58701539207,0.0,1440.0,-27892.42797780857,BTC/USDT:USDT,BTCUSDT,60,10,60,1h,1m,5m,4h,1h,feature_prob,feature_prob,False,0.021189953360569173,0.05983649466514705,0.15364968394695108,0.2193924364837581,0.24030455840813134,0.1994268127763947,0.13918265710538005,0.20934039296596801,0.06474239065782375,0.6047674045202683,0.6877487900406825,3,1.3382216554091992,1.7561119378862473,1.8299631650479344,3.9309912971151206,0.6287216655191881,0.8538563565251793,352,332,True,0.001,0.0001,True,50,200,50,200,96,14,58.0,42.0,14,96,1.25,0.55,1.1,3.2,1.0,1.5,1.0
feature_prob,1,0.0,-0.4292003081974868,0.0,-4025.2535980039684,0.0,1440.0,-18541.453314131428,BTC/USDT:USDT,BTCUSDT,60,10,60,5m,5m,5m,1h,15m,feature_prob,feature_prob,True,0.16751420205757261,0.27198795020381145,0.24417726272925336,0.044609516809209215,0.020186286723386657,0.06588030771731855,0.23684417063414817,0.1993378519763625,0.16219016912318343,0.6018759987235841,0.6164866478542388,4,1.1873854225172913,4.482914930106575,2.0829864238758384,2.455697764382801,1.6368287603186191,0.5675998440896514,631,25,True,0.001,0.0001,True,50,200,50,200,96,14,58.0,42.0,14,96,1.25,0.55,1.1,3.2,1.0,1.5,1.0
feature_prob,1,0.0,-0.6330445058719647,0.0,-5082.185762946137,0.0,1440.0,-27347.522653668875,BTC/USDT:USDT,BTCUSDT,60,10,60,1h,3m,3m,1h,5m,feature_prob,feature_prob,False,0.04985041316569149,0.2900698273388091,0.07081630929130053,0.17229383210503402,0.2253490751299677,0.22906021100285417,0.08767812400422456,0.12389294679365476,0.022377397961684004,0.697571355101433,0.5814550419904816,3,0.8007482792042548,3.2773753749816574,1.020505002049041,1.2663289795436086,0.6459556944690077,0.8371754539127835,186,104,True,0.001,0.0001,True,50,200,50,200,96,14,58.0,42.0,14,96,1.25,0.55,1.1,3.2,1.0,1.5,1.0
legacy_classic,2,0.0,-0.39647735719525623,0.0,-15.140726887457,-0.23123487661452644,6.140724946695096,-36.519875971929785,BTC/USDT:USDT,BTCUSDT,60,10,60,30m,3m,3m,1h,1h,legacy_classic,legacy_classic,False,0.1,0.12,0.14,0.1,0.08,0.08,0.12,0.16,0.1,0.58,0.58,2,1.2,2.8,1.0,1.5,1.0,0.2179014562940061,524,341,True,0.001,0.0001,True,22,180,21,161,38,21,59.053348094440516,49.508299986370595,14,60,0.8048628388030767,0.3140492585910838,1.0968541170142687,3.8432712070126533,1.271297778602508,0.8592476920246239,2.0381508954814795
legacy_classic,2,0.0,-0.4644125136493293,0.0,-15.934866738361464,-0.2579594609807193,6.088794926004228,-42.415688350213586,BTC/USDT:USDT,BTCUSDT,60,10,60,5m,5m,5m,4h,5m,legacy_classic,legacy_classic,False,0.1,0.12,0.14,0.1,0.08,0.08,0.12,0.16,0.1,0.58,0.58,2,1.2,2.8,1.0,1.5,1.0,0.46749433870585366,114,308,True,0.001,0.0001,True,75,225,53,96,36,16,63.83488322936578,45.77790200682031,7,45,0.6709321346211521,0.28603753761119166,1.8834994163336232,2.55201893466438,2.1008897541122877,1.569281619224875,1.6986588513101535
legacy_classic,2,0.0,-0.5749966043793912,0.0,-15.485565172900753,-0.3355990337461698,4.324324324324324,-37.297077040825364,BTC/USDT:USDT,BTCUSDT,60,10,60,30m,1m,15m,1h,5m,legacy_classic,legacy_classic,True,0.1,0.12,0.14,0.1,0.08,0.08,0.12,0.16,0.1,0.58,0.58,2,1.2,2.8,1.0,1.5,1.0,0.7504672996638265,558,270,True,0.001,0.0001,True,53,131,49,67,61,20,53.306041335438486,32.86139453631952,18,52,0.8092833905076489,0.40061452500564754,2.60748895340675,1.8626377578517486,2.6838923813425843,1.2842120803393344,1.5529215848643512
legacy_classic,3,33.33333333333333,-0.02393703296010579,0.6908642630789782,-1.893948576231736,-0.045189508526559834,6.390532544378698,-1.529703881474216,BTC/USDT:USDT,BTCUSDT,60,10,60,30m,5m,15m,4h,5m,legacy_classic,legacy_classic,False,0.1,0.12,0.14,0.1,0.08,0.08,0.12,0.16,0.1,0.58,0.58,2,1.2,2.8,1.0,1.5,1.0,0.1,191,214,True,0.001,0.0001,True,58,188,69,168,111,25,54.21617798137277,34.63142304401601,20,57,0.7403960156484846,0.8298748904247355,2.5797661652327832,2.2505705513579466,2.5172142624926304,2.4714723035230746,0.7482625263437628
legacy_classic,3,33.33333333333333,-0.022176835529895057,0.7031390860963131,-1.80392682018506,-0.04359764887269824,6.390532544378698,-1.4172178918512817,BTC/USDT:USDT,BTCUSDT,60,10,60,30m,5m,15m,4h,5m,legacy_classic,legacy_classic,False,0.1,0.12,0.14,0.1,0.08,0.08,0.12,0.16,0.1,0.58,0.58,2,1.2,2.8,1.0,1.5,1.0,0.1,274,210,True,0.001,0.0001,True,67,212,72,159,114,25,57.85117060862331,34.23616693418898,19,84,0.6,0.8298748904247355,2.6739599068912456,2.2505705513579466,2.5782194776907783,2.0781520870791255,0.7237427397650107
legacy_classic,1,0.0,-0.26468381493351917,0.0,-3172.985580430297,0.0,1440.0,-11434.340805128028,BTC/USDT:USDT,BTCUSDT,60,10,60,5m,5m,5m,15m,1h,legacy_classic,legacy_classic,False,0.1,0.12,0.14,0.1,0.08,0.08,0.12,0.16,0.1,0.58,0.58,2,1.2,2.8,1.0,1.5,1.0,0.7429828672838767,196,67,True,0.001,0.0001,True,47,229,24,194,119,15,67.3371930648534,45.02485036233638,20,91,1.5290809318775562,0.5188958161749596,2.334865438074715,2.39652850953657,0.9016022557391774,1.718951506413413,1.165072357005843
feature_prob,1,0.0,-0.3966044306935359,0.0,-3856.2439731459835,0.0,1440.0,-17133.31140596075,BTC/USDT:USDT,BTCUSDT,60,10,60,15m,15m,1m,15m,5m,feature_prob,feature_prob,True,0.16864552823299045,0.09856228512327499,0.14513970120220598,0.07472005882576707,0.17107589941098364,0.188773928021144,0.07900535082177361,0.11191713370445347,0.06295533892024568,0.6750226029698889,0.5374059084363031,2,1.068027515767214,4.103145208914729,0.961060347944282,2.7242078727978827,2.2914117537053813,0.5244931299614433,73,130,True,0.001,0.0001,True,50,200,50,200,96,14,58.0,42.0,14,96,1.25,0.55,1.1,3.2,1.0,1.5,1.0
feature_prob,1,0.0,-0.24275356798735384,0.0,-3058.5272500144297,0.0,1440.0,-10486.954137053686,BTC/USDT:USDT,BTCUSDT,60,10,60,5m,5m,3m,4h,15m,feature_prob,feature_prob,True,0.19693488107396956,0.04902564534295652,0.22348962205574696,0.053913045933585146,0.22114614577788635,0.2374733591832534,0.2959702958864704,0.24372111298175034,0.23626897055789656,0.6987780955319626,0.6988734012374376,3,1.173122474032912,2.0369268586127878,1.2687317625621417,2.3405393824508263,1.6887586303480506,0.3210316598338255,144,201,True,0.001,0.0001,True,50,200,50,200,96,14,58.0,42.0,14,96,1.25,0.55,1.1,3.2,1.0,1.5,1.0
legacy_classic,2,0.0,-0.23920308896285294,0.0,-13.153834787583278,-0.13286614395660504,6.088794926004228,-21.846878315423353,BTC/USDT:USDT,BTCUSDT,60,10,60,15m,15m,1m,15m,1h,legacy_classic,legacy_classic,False,0.1,0.12,0.14,0.1,0.08,0.08,0.12,0.16,0.1,0.58,0.58,2,1.2,2.8,1.0,1.5,1.0,0.1851332556340488,575,334,True,0.001,0.0001,True,24,120,16,162,121,27,69.37670704630017,46.66718222508584,15,136,0.9168472186286791,0.17737866851965092,1.4481405083765604,1.9559798844192335,2.9718442126498674,2.7425748740386826,0.4738655413887788
legacy_classic,2,0.0,-0.3291784329718444,0.0,-14.242101536062506,-0.18274429935508646,6.050420168067227,-29.875017446184195,BTC/USDT:USDT,BTCUSDT,60,10,60,30m,5m,1m,1h,5m,legacy_classic,legacy_classic,True,0.1,0.12,0.14,0.1,0.08,0.08,0.12,0.16,0.1,0.58,0.58,2,1.2,2.8,1.0,1.5,1.0,0.5587341778602442,44,331,True,0.001,0.0001,True,36,236,78,101,42,16,56.85542331663752,35.67877943301607,12,35,0.9749372244091636,0.16644945717779064,3.1737547130946515,3.9549547326133476,2.1467246318479964,3.067061215161732,2.3704611580895656
legacy_classic,3,0.0,-0.512302120575059,0.0,-14.84621658492215,-0.36757922543923927,6.956521739130435,-35.63840838783019,BTC/USDT:USDT,BTCUSDT,60,10,60,15m,1m,15m,4h,5m,legacy_classic,legacy_classic,False,0.1,0.12,0.14,0.1,0.08,0.08,0.12,0.16,0.1,0.58,0.58,2,1.2,2.8,1.0,1.5,1.0,0.404505332645985,64,151,True,0.001,0.0001,True,21,277,66,231,89,13,56.8314447071182,36.072593619366195,28,30,0.6296038646205582,0.3020201898816448,2.3248634631211553,3.802821380897461,2.992340986960164,3.0226477587476897,1.088889060037889
feature_prob,1,0.0,-0.048827136258769346,0.0,-2053.018701501719,0.0,1440.0,-2109.3322863788358,BTC/USDT:USDT,BTCUSDT,60,10,60,30m,5m,15m,1h,5m,feature_prob,feature_prob,False,0.11095524452148164,0.11565752949708404,0.09627121985977255,0.06979946590728534,0.061947394455222085,0.08,0.12,0.11518433423229299,0.09045133161466323,0.5530889693613855,0.58,1,1.2,2.8,0.8677104762423361,1.5,1.0,0.1738490454288301,273,257,True,0.001,0.0001,True,59,188,78,164,111,29,55.52985942032661,30.591504578558443,21,72,0.7403960156484846,0.8298748904247355,2.961566574606157,2.2505705513579466,2.8715772325675353,1.9253128989427688,0.5398544011139563
legacy_classic,3,0.0,-0.09982041314752071,0.0,-10.725837281985235,-0.07171606287857818,6.4767616191904045,-6.465130206855915,BTC/USDT:USDT,BTCUSDT,60,10,60,30m,5m,5m,4h,5m,legacy_classic,legacy_classic,False,0.1,0.12,0.14,0.1,0.08,0.08,0.12,0.16,0.1,0.58,0.58,2,1.2,2.8,1.0,1.5,1.0,0.11505442004054386,274,173,True,0.001,0.0001,True,51,188,78,164,111,28,59.46178208617505,34.72135477195758,21,80,0.7403960156484846,0.7541594649010779,3.4051809955672603,2.7659691464217775,2.6989042392147873,2.001462305752155,0.8204580173252959
legacy_classic,2,0.0,-0.094247637034726,0.0,-16.879502132234194,-0.046142914553207307,11.65991902834008,-16.483797246559362,BTC/USDT:USDT,BTCUSDT,60,10,60,30m,15m,5m,4h,5m,legacy_classic,legacy_classic,False,0.1,0.12,0.14,0.1,0.08,0.08,0.12,0.16,0.1,0.58,0.58,2,1.2,2.8,1.0,1.5,1.0,0.16368719423506028,158,121,True,0.001,0.0001,True,55,129,28,172,37,30,52.033599928617825,30.426690852445283,9,20,1.0452525364582406,0.7293731684662349,2.830332340420182,2.982017456448715,0.956301709603484,4.207090823079719,1.952618602932616
legacy_classic,1,0.0,-0.1915436466145841,0.0,-2793.7538076966184,0.0,1440.0,-8274.685533750033,BTC/USDT:USDT,BTCUSDT,60,10,60,5m,3m,3m,1h,15m,legacy_classic,legacy_classic,False,0.1,0.12,0.14,0.1,0.08,0.08,0.12,0.16,0.1,0.58,0.58,2,1.2,2.8,1.0,1.5,1.0,0.20312395794785248,248,326,True,0.001,0.0001,True,61,255,63,122,33,14,50.31456259350588,44.89773037397516,17,24,1.2306543774323113,0.5628967829810448,0.8820716051363156,3.179774008944482,2.169744078259139,3.504421746151724,1.3425100141620705
legacy_classic,3,0.0,-0.7241987611293041,0.0,-16.44509482740707,-0.524681663375858,6.390532544378698,-46.28015751595553,BTC/USDT:USDT,BTCUSDT,60,10,60,30m,1m,15m,1h,15m,legacy_classic,legacy_classic,True,0.1,0.12,0.14,0.1,0.08,0.08,0.12,0.16,0.1,0.58,0.58,2,1.2,2.8,1.0,1.5,1.0,0.8072598480255542,341,226,True,0.001,0.0001,True,71,133,17,112,117,16,57.37220631807223,35.12630725817018,22,87,0.6949981502973709,0.9407106900495739,3.365454131642741,3.6853772658674173,1.2609365213319106,4.309180624792965,1.6893423526849247
legacy_classic,2,0.0,-0.4090085400768003,0.0,-14.18431075572575,-0.237799050012666,4.630225080385852,-28.40702400533404,BTC/USDT:USDT,BTCUSDT,60,10,60,30m,15m,5m,1h,5m,legacy_classic,legacy_classic,False,0.1,0.12,0.14,0.1,0.08,0.08,0.12,0.16,0.1,0.58,0.58,2,1.2,2.8,1.0,1.5,1.0,0.21015426720778782,178,326,True,0.001,0.0001,True,46,228,45,224,145,12,62.59760979413224,34.90914613440058,7,51,0.7799752655948256,0.7309305841169939,1.0209884329923464,3.448716931240415,2.0833031561889515,1.6980812484817298,1.6740101360826656
legacy_classic,1,0.0,-0.13788676902932914,0.0,-2515.542897417072,0.0,1440.0,-5956.708422067019,BTC/USDT:USDT,BTCUSDT,60,10,60,5m,1m,5m,1h,5m,legacy_classic,legacy_classic,True,0.1,0.12,0.14,0.1,0.08,0.08,0.12,0.16,0.1,0.58,0.58,2,1.2,2.8,1.0,1.5,1.0,0.3264478575941483,141,251,True,0.001,0.0001,True,21,216,26,242,55,13,60.533650843366985,42.404707875156845,21,46,0.9966170281611393,0.6259159526749738,1.9692537006837862,2.651548457920898,2.896519038544711,1.3708585044694326,2.1559490116590037
legacy_classic,3,0.0,-1.2847692174067844,0.0,-22.471095190970765,-0.9199964990158889,6.967741935483871,-89.51940353544046,BTC/USDT:USDT,BTCUSDT,60,10,60,15m,3m,5m,1h,1h,legacy_classic,legacy_classic,True,0.1,0.12,0.14,0.1,0.08,0.08,0.12,0.16,0.1,0.58,0.58,2,1.2,2.8,1.0,1.5,1.0,0.974850597391964,48,238,True,0.001,0.0001,True,27,261,17,98,41,21,67.12826420582266,49.050766724150165,23,145,0.640662085995877,0.229616847778844,2.2229318851486726,3.591232971208487,2.976317598173598,2.426184764634863,2.193857928369287
legacy_classic,2,50.0,0.05354897963553985,1.9096983195611463,3.5258381104075553,0.0,11.950207468879668,9.598821245872703,BTC/USDT:USDT,BTCUSDT,60,10,60,30m,5m,15m,4h,5m,legacy_classic,legacy_classic,False,0.1,0.12,0.14,0.1,0.08,0.08,0.12,0.16,0.1,0.58,0.58,2,1.2,2.8,1.0,1.5,1.0,0.19381795104855096,198,210,True,0.001,0.0001,True,51,188,78,181,111,30,51.494631828272084,30.22773370159662,17,82,0.7304791034700613,0.8298748904247355,2.738738919734157,2.2505705513579466,2.712526463288496,1.9253128989427688,0.5398544011139563
legacy_classic,2,0.0,-0.08873192146401207,0.0,-17.099771652335697,-0.04890988194515713,11.900826446280991,-15.83974796382364,BTC/USDT:USDT,BTCUSDT,60,10,60,30m,1m,15m,4h,5m,legacy_classic,legacy_classic,False,0.1,0.12,0.14,0.1,0.08,0.08,0.12,0.16,0.1,0.58,0.58,2,1.2,2.8,1.0,1.5,1.0,0.1455748893243796,274,210,True,0.001,0.0001,True,59,179,79,169,100,30,55.52985942032661,30.73540560200198,21,72,0.8580048323704904,0.865253550760672,3.0406988677705136,2.540865383481988,2.847100673573212,2.0108682904130983,0.4
legacy_classic,2,0.0,-1.6449333710798355,0.0,-25.301582304847752,-0.9600562072078247,4.31784107946027,-106.53841323935367,BTC/USDT:USDT,BTCUSDT,60,10,60,5m,5m,3m,4h,15m,legacy_classic,legacy_classic,False,0.1,0.12,0.14,0.1,0.08,0.08,0.12,0.16,0.1,0.58,0.58,2,1.2,2.8,1.0,1.5,1.0,0.737221234769091,425,286,True,0.001,0.0001,True,24,141,71,237,58,12,54.203927552877545,32.16886332894957,12,78,0.8323570281262858,0.74017851221983,0.8953556804494556,5.721820010717616,1.6515419727908727,3.1404632621062074,1.8692615687214915
feature_prob,1,0.0,-0.19030311049960402,0.0,-2786.571627940447,0.0,1440.0,-8221.094373582893,BTC/USDT:USDT,BTCUSDT,60,10,60,5m,3m,3m,1h,5m,feature_prob,feature_prob,True,0.12397731831728567,0.28544676932608515,0.10937105075039635,0.20500475820524108,0.18548449023328376,0.05410869628283954,0.23170253424381443,0.10070297912065572,0.15483665943754368,0.6980673310568181,0.6218230378677698,1,1.4559080542856955,1.988495119815239,1.2685371161973462,3.324412537489177,1.4638480936490177,0.25166807615536435,331,84,True,0.001,0.0001,True,50,200,50,200,96,14,58.0,42.0,14,96,1.25,0.55,1.1,3.2,1.0,1.5,1.0
feature_prob,1,0.0,-0.21231417745940367,0.0,-2900.699010127008,0.0,1440.0,-9171.97246624624,BTC/USDT:USDT,BTCUSDT,60,10,60,1h,3m,5m,4h,15m,feature_prob,feature_prob,True,0.17160601178729865,0.0502149969593423,0.14653437687698334,0.22951624971052179,0.05857754514579547,0.1303919783138394,0.2951267545535112,0.19765663977933973,0.14197243633718457,0.5530802029651006,0.5743685124120235,4,1.3729667993211705,4.165930878194654,1.137255833640464,2.389100594860973,1.4390624173490718,0.2807768114847914,594,291,True,0.001,0.0001,True,50,200,50,200,96,14,58.0,42.0,14,96,1.25,0.55,1.1,3.2,1.0,1.5,1.0
legacy_classic,3,0.0,-0.260145740870691,0.0,-12.21718348399478,-0.18874220559198104,6.486486486486486,-16.87431832674752,BTC/USDT:USDT,BTCUSDT,60,10,60,30m,1m,3m,4h,15m,legacy_classic,legacy_classic,False,0.1,0.12,0.14,0.1,0.08,0.08,0.12,0.16,0.1,0.58,0.58,2,1.2,2.8,1.0,1.5,1.0,0.2669770814818356,672,148,True,0.001,0.0001,True,42,136,29,232,115,22,60.85491328212136,42.480241104812364,30,103,0.6072874965942554,0.8007040700677244,3.110030937138718,3.5909700598600276,1.1946390794415644,1.161343901276003,0.7301132100223353
legacy_classic,3,0.0,-0.9294065815178439,0.0,-18.429195567567646,-0.6649844404132642,6.486486486486486,-60.285832314670955,BTC/USDT:USDT,BTCUSDT,60,10,60,5m,1m,1m,15m,5m,legacy_classic,legacy_classic,False,0.1,0.12,0.14,0.1,0.08,0.08,0.12,0.16,0.1,0.58,0.58,2,1.2,2.8,1.0,1.5,1.0,0.5128343584492091,412,76,True,0.001,0.0001,True,65,291,39,225,118,25,57.448145539996155,34.618284607085215,18,93,0.9600581549836066,0.1939176190946552,1.6132056681846803,1.9851208665515,1.6302334223376664,3.360381589717602,1.271834637488233
legacy_classic,3,0.0,-1.138843186288327,0.0,-20.245013883084184,-0.8182762327035329,6.390532544378698,-72.77814444919487,BTC/USDT:USDT,BTCUSDT,60,10,60,15m,3m,1m,15m,5m,legacy_classic,legacy_classic,True,0.1,0.12,0.14,0.1,0.08,0.08,0.12,0.16,0.1,0.58,0.58,2,1.2,2.8,1.0,1.5,1.0,0.9973829135500031,280,68,True,0.001,0.0001,True,80,249,10,92,122,19,62.55985459278892,31.89576137921869,22,99,0.7710036804094833,0.9388438696362839,2.587936504935165,4.023250822544015,1.7761845609177236,3.815069459605179,2.225010850644488
legacy_classic,3,0.0,-0.11928668246917729,0.0,-10.894549396105567,-0.08642314560013568,6.390532544378698,-7.6230542643024535,BTC/USDT:USDT,BTCUSDT,60,10,60,30m,3m,15m,4h,5m,legacy_classic,legacy_classic,False,0.1,0.12,0.14,0.1,0.08,0.08,0.12,0.16,0.1,0.58,0.58,2,1.2,2.8,1.0,1.5,1.0,0.1082067846809787,318,210,True,0.001,0.0001,True,51,175,78,205,111,30,55.89502191173647,35.461653111497306,17,76,0.7304791034700613,0.9575662652184117,2.738738919734157,1.5,2.712526463288496,1.6142447799145174,0.5398544011139563
legacy_classic,3,0.0,-0.26684519673390633,0.0,-12.274059538779479,-0.19037581125685588,6.4767616191904045,-17.282927284714773,BTC/USDT:USDT,BTCUSDT,60,10,60,30m,5m,15m,4h,5m,legacy_classic,legacy_classic,False,0.1,0.12,0.14,0.1,0.08,0.08,0.12,0.16,0.1,0.58,0.58,2,1.2,2.8,1.0,1.5,1.0,0.25901023662264816,113,201,True,0.001,0.0001,True,51,187,77,181,122,27,50.0,33.346608507311544,16,86,0.7311075110031942,0.7363578951816407,2.81734330843583,1.8041039760129651,2.4851251957798706,1.8660042331569924,0.49388577446228216
legacy_classic,3,0.0,-0.9120053035447084,0.0,-18.248674214288812,-0.6406568213547832,6.4767616191904045,-59.068409464964624,BTC/USDT:USDT,BTCUSDT,60,10,60,5m,5m,5m,4h,1h,legacy_classic,legacy_classic,True,0.1,0.12,0.14,0.1,0.08,0.08,0.12,0.16,0.1,0.58,0.58,2,1.2,2.8,1.0,1.5,1.0,0.9405076317847352,189,197,True,0.001,0.0001,True,43,220,55,143,36,25,74.9417729415059,33.08514913331912,22,67,0.7503162508352981,0.7411248050476588,2.8830048311779306,3.6703816712539283,1.7981623222876915,3.608995713616495,0.9599782335585879
legacy_classic,6,16.666666666666664,-1.1547912572291665,0.2903167637605437,-22.45584162305918,-1.051868501038738,13.2312404287902,-76.39660384732007,BTC/USDT:USDT,BTCUSDT,60,10,60,30m,15m,15m,1h,15m,legacy_classic,legacy_classic,True,0.1,0.12,0.14,0.1,0.08,0.08,0.12,0.16,0.1,0.58,0.58,2,1.2,2.8,1.0,1.5,1.0,0.9956855247603381,389,11,True,0.001,0.0001,True,53,229,51,88,149,8,58.06233048456442,46.14630699205867,15,74,0.8152638906710671,0.43687912561260067,3.094963281327326,3.99426137164856,1.6855691747437915,2.6727521194225807,0.6599105182856413
legacy_classic,3,0.0,-0.5269674670106619,0.0,-14.696397894493629,-0.3823280045482286,6.486486486486486,-34.18167353582671,BTC/USDT:USDT,BTCUSDT,60,10,60,5m,5m,5m,1h,5m,legacy_classic,legacy_classic,False,0.1,0.12,0.14,0.1,0.08,0.08,0.12,0.16,0.1,0.58,0.58,2,1.2,2.8,1.0,1.5,1.0,0.5712844601892993,395,111,True,0.001,0.0001,True,57,198,21,193,45,12,54.84058294497633,44.19840416776885,7,105,0.6639950865844183,0.810569035059199,3.2853077217189774,4.670231019124876,1.0573479889778765,0.8627914939473608,0.7493160883476091
legacy_classic,2,0.0,-0.744484246304469,0.0,-17.46238917376707,-0.43297130690569885,4.63768115942029,-51.79020843857175,BTC/USDT:USDT,BTCUSDT,60,10,60,15m,3m,5m,1h,15m,legacy_classic,legacy_classic,False,0.1,0.12,0.14,0.1,0.08,0.08,0.12,0.16,0.1,0.58,0.58,2,1.2,2.8,1.0,1.5,1.0,0.9451833240232488,550,298,True,0.001,0.0001,True,45,235,38,115,66,27,53.56589005271076,36.93641496243939,23,71,0.9617351325734278,0.5961786908184262,2.5237736561705106,2.3999411015155387,1.0425280368777263,2.2892300586247174,2.3812539462849736
legacy_classic,3,0.0,-0.5902662826518851,0.0,-15.207047578616077,-0.4146317557151784,6.390532544378698,-37.72115889136307,BTC/USDT:USDT,BTCUSDT,60,10,60,15m,5m,1m,15m,15m,legacy_classic,legacy_classic,False,0.1,0.12,0.14,0.1,0.08,0.08,0.12,0.16,0.1,0.58,0.58,2,1.2,2.8,1.0,1.5,1.0,0.6600432656958574,31,37,True,0.001,0.0001,True,53,258,12,149,76,21,71.14169847156013,34.89113283707964,30,87,0.9565279671600344,0.9264503847370628,3.1258846792046535,4.169829482159031,1.4744375816758208,2.9470142502228693,1.35368755251559
legacy_classic,2,50.0,0.0486700388044191,1.8268141207301545,2.918706137301978,0.0,11.950207468879668,8.724255918468485,BTC/USDT:USDT,BTCUSDT,60,10,60,30m,5m,15m,4h,15m,legacy_classic,legacy_classic,False,0.1,0.12,0.14,0.1,0.08,0.08,0.12,0.16,0.1,0.58,0.58,2,1.2,2.8,1.0,1.5,1.0,0.19381795104855096,198,220,True,0.001,0.0001,True,51,174,78,181,111,30,51.494631828272084,30.22773370159662,17,82,0.795487258529056,0.8298748904247355,2.738738919734157,2.7799118842921784,2.4961354492756134,1.5256186561404501,0.6087961326150086
legacy_classic,2,50.0,0.05354897963553985,1.9096983195611463,3.5258381104075553,0.0,11.950207468879668,9.598821245872703,BTC/USDT:USDT,BTCUSDT,60,10,60,30m,5m,3m,4h,5m,legacy_classic,legacy_classic,False,0.1,0.12,0.14,0.1,0.08,0.08,0.12,0.16,0.1,0.58,0.58,2,1.2,2.8,1.0,1.5,1.0,0.19381795104855096,198,217,True,0.001,0.0001,True,46,172,80,195,111,27,51.494631828272084,30.22773370159662,17,101,0.7304791034700613,0.8298748904247355,2.738738919734157,2.2505705513579466,2.712526463288496,1.9253128989427688,0.5398544011139563
feature_prob,1,0.0,-0.7085313273748566,0.0,-5473.584932438631,0.0,1440.0,-30608.553342593805,BTC/USDT:USDT,BTCUSDT,60,10,60,5m,3m,1m,1h,15m,feature_prob,feature_prob,True,0.24791457156848482,0.0932920857748609,0.2220364131254362,0.07868550691615524,0.20853944839045352,0.12866002271322297,0.11470003255223594,0.1980029472436375,0.10057480294996414,0.6061503575778624,0.5428642379756411,1,1.91113147910979,2.0505624597992935,0.85222927954835,2.6084945750300137,2.211864635543879,0.9370036863197138,488,316,True,0.001,0.0001,True,50,200,50,200,96,14,58.0,42.0,14,96,1.25,0.55,1.1,3.2,1.0,1.5,1.0
legacy_classic,1,0.0,-0.43111564916607115,0.0,-4035.934640926079,0.0,1440.0,-18624.196043974272,BTC/USDT:USDT,BTCUSDT,60,10,60,5m,3m,3m,15m,1h,legacy_classic,legacy_classic,False,0.1,0.12,0.14,0.1,0.08,0.08,0.12,0.16,0.1,0.58,0.58,2,1.2,2.8,1.0,1.5,1.0,0.807253835099939,585,54,True,0.001,0.0001,True,34,182,58,72,43,7,67.93443823699342,43.725429467815644,14,99,1.2134337815716654,0.7345802209700437,1.5574953978418513,4.747579620111082,2.1611858936415222,0.9859810981825581,0.7427139915942624
feature_prob,1,0.0,-0.733266733631572,0.0,-5601.8380138797,0.0,1440.0,-31677.122892883912,BTC/USDT:USDT,BTCUSDT,60,10,60,15m,15m,3m,4h,1h,feature_prob,feature_prob,True,0.1482699077043961,0.14224781218828098,0.09155530667418918,0.05426758280483446,0.2295714072895215,0.043240126423090594,0.034005785188915914,0.3279255493746522,0.04020147373798168,0.6898652120609259,0.5829502341060087,3,0.8762591444984156,3.839524030490199,1.1637311742398253,1.0660418960323264,2.3237857190975935,0.9697152488853812,338,294,True,0.001,0.0001,True,50,200,50,200,96,14,58.0,42.0,14,96,1.25,0.55,1.1,3.2,1.0,1.5,1.0
legacy_classic,3,0.0,-0.2739542073191912,0.0,-12.494779252792704,-0.19654241511675907,6.945337620578778,-19.027044624098163,BTC/USDT:USDT,BTCUSDT,60,10,60,30m,3m,15m,4h,1h,legacy_classic,legacy_classic,True,0.1,0.12,0.14,0.1,0.08,0.08,0.12,0.16,0.1,0.58,0.58,2,1.2,2.8,1.0,1.5,1.0,0.3225502830059832,267,201,True,0.001,0.0001,True,45,192,46,194,113,12,62.269171289133745,39.596784019007806,10,71,0.8427273202125017,0.733313097595228,3.4657780586467055,2.5067785499883746,1.0823362080692382,0.8008646503731627,0.8427067767803662
legacy_classic,3,0.0,-0.40630345784739563,0.0,-13.521883144107596,-0.28540731705620426,6.390532544378698,-25.9649547026738,BTC/USDT:USDT,BTCUSDT,60,10,60,30m,1m,1m,1h,15m,legacy_classic,legacy_classic,True,0.1,0.12,0.14,0.1,0.08,0.08,0.12,0.16,0.1,0.58,0.58,2,1.2,2.8,1.0,1.5,1.0,0.34911002660305995,584,81,True,0.001,0.0001,True,29,181,37,80,88,24,57.23425820768857,33.756484014051594,25,50,0.9573509953737198,0.9052082156647563,2.4019298936629,4.944626932383555,2.35683942208716,4.24116320673369,0.5164093791936459
legacy_classic,3,0.0,-0.5691860591069922,0.0,-15.013945287285777,-0.3998239810613072,6.390532544378698,-36.37402034529891,BTC/USDT:USDT,BTCUSDT,60,10,60,15m,5m,15m,1h,5m,legacy_classic,legacy_classic,True,0.1,0.12,0.14,0.1,0.08,0.08,0.12,0.16,0.1,0.58,0.58,2,1.2,2.8,1.0,1.5,1.0,0.5236761066597851,518,46,True,0.001,0.0001,True,59,272,19,141,26,13,71.08186044993808,41.201647686380525,13,47,0.6196560133039853,0.9547140957105501,2.571917468573682,1.8815154218096026,1.6192684579297025,1.5613050304464713,1.0681604840816732
legacy_classic,3,0.0,-0.12470894728326923,0.0,-10.956412135981855,-0.08921577242554865,6.4767616191904045,-8.077101233339176,BTC/USDT:USDT,BTCUSDT,60,10,60,30m,5m,15m,4h,5m,legacy_classic,legacy_classic,False,0.1,0.12,0.14,0.1,0.08,0.08,0.12,0.16,0.1,0.58,0.58,2,1.2,2.8,1.0,1.5,1.0,0.1,74,210,True,0.001,0.0001,True,51,188,78,192,130,30,51.494631828272084,33.92092851984947,22,82,0.7686353199951699,0.7442958420196797,2.343503433631895,2.2505705513579466,3.0,1.520890977811482,0.5735137159742945
legacy_classic,2,50.0,0.04465093841731531,1.9096983195608568,3.3255398796636335,0.0,11.950207468879668,8.003819666506311,BTC/USDT:USDT,BTCUSDT,60,10,60,30m,5m,15m,4h,5m,legacy_classic,legacy_classic,False,0.1,0.12,0.14,0.1,0.08,0.08,0.12,0.16,0.1,0.58,0.58,2,1.2,2.8,1.0,1.5,1.0,0.15969602846909428,155,228,True,0.001,0.0001,True,58,188,80,170,111,30,52.180000131166146,26.95276378683122,14,82,0.751168816380446,0.8193650743241068,2.7062714763186766,2.6941630353370263,2.712526463288496,1.795829584787306,0.5398544011139563
feature_prob,1,0.0,-0.22860976884229664,0.0,-2985.191651447308,0.0,1440.0,-9875.942013987215,BTC/USDT:USDT,BTCUSDT,60,10,60,5m,5m,3m,1h,5m,feature_prob,feature_prob,True,0.08095054714835824,0.1053548197735143,0.3021022852466367,0.11889578359209943,0.07952280962751972,0.1146606055879912,0.254122631048843,0.21257677646483794,0.024744841862559895,0.6547884905841845,0.5302897552736071,3,1.0292073292287425,2.4589724022165025,1.7589781213220193,2.2275192161797093,0.9801140373547375,0.30232706424934164,533,28,True,0.001,0.0001,True,50,200,50,200,96,14,58.0,42.0,14,96,1.25,0.55,1.1,3.2,1.0,1.5,1.0
feature_prob,1,0.0,-0.5149227960946362,0.0,-4469.724697750688,0.0,1440.0,-22244.664791288284,BTC/USDT:USDT,BTCUSDT,60,10,60,30m,1m,5m,1h,5m,feature_prob,feature_prob,False,0.17457399227172585,0.09948097351977528,0.1682568025642503,0.059256309244486605,0.23074518126479904,0.17485505784042663,0.1056911566804426,0.3095257106377407,0.23919432761033615,0.532689322976057,0.6127643186076738,4,0.9912421073676203,3.5316217497435454,0.8541744158885285,3.2216986029317756,2.331418475916003,0.6809643264446152,397,260,True,0.001,0.0001,True,50,200,50,200,96,14,58.0,42.0,14,96,1.25,0.55,1.1,3.2,1.0,1.5,1.0
legacy_classic,1,0.0,-0.22911705358110734,0.0,-2988.5719228180415,0.0,1440.0,-9897.856714703837,BTC/USDT:USDT,BTCUSDT,60,10,60,5m,5m,5m,4h,15m,legacy_classic,legacy_classic,False,0.1,0.12,0.14,0.1,0.08,0.08,0.12,0.16,0.1,0.58,0.58,2,1.2,2.8,1.0,1.5,1.0,0.7007763686974808,286,155,True,0.001,0.0001,True,65,150,19,208,76,16,52.98023436446742,32.16819654828656,22,51,1.1735894670706448,0.4464723395587993,2.54409002655874,5.225869117856134,2.0366894601724583,3.140548557774136,2.090905244824514
legacy_classic,3,0.0,-0.28915306454037326,0.0,-12.654171677284829,-0.21046556065499233,6.967741935483871,-20.14743933571633,BTC/USDT:USDT,BTCUSDT,60,10,60,15m,15m,5m,4h,1h,legacy_classic,legacy_classic,True,0.1,0.12,0.14,0.1,0.08,0.08,0.12,0.16,0.1,0.58,0.58,2,1.2,2.8,1.0,1.5,1.0,0.22727707586091844,522,56,True,0.001,0.0001,True,80,199,32,130,98,21,65.95125814961192,49.126268517415426,11,73,0.7839192997735984,0.6752501065221372,2.402482910240348,4.407564229867414,1.277766696875801,2.07467829475675,0.7715656732728481
legacy_classic,3,0.0,-0.7943490777486897,0.0,-17.617257838485585,-0.5597440105093271,6.956521739130435,-55.25906627816971,BTC/USDT:USDT,BTCUSDT,60,10,60,30m,15m,1m,4h,1h,legacy_classic,legacy_classic,True,0.1,0.12,0.14,0.1,0.08,0.08,0.12,0.16,0.1,0.58,0.58,2,1.2,2.8,1.0,1.5,1.0,0.2924642446810852,662,206,True,0.001,0.0001,True,30,143,73,193,82,16,67.62775805314263,36.80381140865851,16,103,0.7608091977327671,0.5834096602957268,1.0369213901942733,5.764961724916044,1.053965744023264,4.094650804022369,0.7389386666051464
legacy_classic,4,0.0,-0.9058143607714719,0.0,-19.961633779398227,-0.7143368132686994,9.27536231884058,-63.01317292323283,BTC/USDT:USDT,BTCUSDT,60,10,60,15m,3m,3m,4h,5m,legacy_classic,legacy_classic,False,0.1,0.12,0.14,0.1,0.08,0.08,0.12,0.16,0.1,0.58,0.58,2,1.2,2.8,1.0,1.5,1.0,0.49176447649887267,639,106,True,0.001,0.0001,True,34,271,48,235,143,29,50.14491008940523,41.5961302320255,14,122,0.9275682426309177,0.44764246928053764,2.1362385109089383,5.424708743712545,1.6909667734438814,2.324910167028781,0.786034752260909
legacy_classic,1,0.0,-0.07551027516052428,0.0,-2192.1207767073183,0.0,1440.0,-3262.0438869346485,BTC/USDT:USDT,BTCUSDT,60,10,60,30m,5m,5m,4h,5m,legacy_classic,legacy_classic,False,0.1,0.12,0.14,0.1,0.08,0.08,0.12,0.16,0.1,0.58,0.58,2,1.2,2.8,1.0,1.5,1.0,0.21602953271415293,198,210,True,0.001,0.0001,True,52,193,78,181,107,30,53.47620603762451,30.893838230414318,17,82,0.7556975558511996,0.8298748904247355,2.738738919734157,1.9911254973027261,2.529904755064522,2.1876318041751537,0.5398544011139563
legacy_classic,1,0.0,-0.045755895778860585,0.0,-2037.8443196133921,0.0,1440.0,-1976.6546976467773,BTC/USDT:USDT,BTCUSDT,60,10,60,30m,1m,15m,4h,5m,legacy_classic,legacy_classic,False,0.1,0.12,0.14,0.1,0.08,0.08,0.12,0.16,0.1,0.58,0.58,2,1.2,2.8,1.0,1.5,1.0,0.1309043671607792,199,222,True,0.001,0.0001,True,51,188,80,165,111,30,51.494631828272084,30.22773370159662,17,82,0.7304791034700613,0.8298748904247355,2.738738919734157,2.2454886990626823,2.712526463288496,1.9253128989427688,0.7351441114189287
legacy_classic,2,0.0,-0.4243644833956025,0.0,-16.19205390114784,-0.2321660621353373,7.076167076167076,-45.04310978547918,BTC/USDT:USDT,BTCUSDT,60,10,60,5m,1m,1m,1h,1h,legacy_classic,legacy_classic,False,0.1,0.12,0.14,0.1,0.08,0.08,0.12,0.16,0.1,0.58,0.58,2,1.2,2.8,1.0,1.5,1.0,0.6935401226677272,321,220,True,0.001,0.0001,True,40,257,22,188,103,25,61.815350327347986,42.86769941585544,13,139,0.8239390803218892,0.7012865695907561,3.4511624600445323,2.7280205975194276,1.7978279746391717,1.3154715381320425,1.6812082398762556
legacy_classic,3,0.0,-0.8288175378330211,0.0,-25.20800999010958,-0.5688138839918727,10.773067331670823,-89.28907140744766,BTC/USDT:USDT,BTCUSDT,60,10,60,5m,5m,5m,15m,5m,legacy_classic,legacy_classic,False,0.1,0.12,0.14,0.1,0.08,0.08,0.12,0.16,0.1,0.58,0.58,2,1.2,2.8,1.0,1.5,1.0,0.4595128953712305,608,137,True,0.001,0.0001,True,71,262,31,77,22,13,67.81563751434756,48.465275417867986,9,34,0.739459067122058,0.470522630767788,1.6335006993530095,5.940715528102804,2.7762306423097454,4.498488048849933,0.6614980704488217
legacy_classic,2,0.0,-0.41830343515151713,0.0,-15.942957301234717,-0.24836874718548616,6.840855106888361,-42.92329785877801,BTC/USDT:USDT,BTCUSDT,60,10,60,30m,15m,3m,4h,1h,legacy_classic,legacy_classic,False,0.1,0.12,0.14,0.1,0.08,0.08,0.12,0.16,0.1,0.58,0.58,2,1.2,2.8,1.0,1.5,1.0,0.6021531776011441,597,96,True,0.001,0.0001,True,22,139,66,117,21,25,74.10958589642816,32.4933169432689,24,144,0.8166491305972595,0.41299840671538035,2.8269709778523255,3.2454080114380917,2.0881295383182854,3.7617816776642847,1.6046930435165163
legacy_classic,2,0.0,-0.15789082227141285,0.0,-12.205710566820715,-0.08669812959630824,6.2882096069869,-14.892758781932393,BTC/USDT:USDT,BTCUSDT,60,10,60,30m,5m,15m,4h,5m,legacy_classic,legacy_classic,False,0.1,0.12,0.14,0.1,0.08,0.08,0.12,0.16,0.1,0.58,0.58,2,1.2,2.8,1.0,1.5,1.0,0.21685746589768537,198,210,True,0.001,0.0001,True,45,188,72,181,103,30,51.494631828272084,31.448884181323585,17,68,0.7304791034700613,0.8508068415568246,2.915966426439126,1.7845052618397188,2.8966438621239785,1.8807141850587212,0.5398544011139563
legacy_classic,1,0.0,-0.05309041395206792,0.0,-2075.8737963414724,0.0,1440.0,-2293.505882729334,BTC/USDT:USDT,BTCUSDT,60,10,60,30m,5m,15m,4h,5m,legacy_classic,legacy_classic,False,0.1,0.12,0.14,0.1,0.08,0.08,0.12,0.16,0.1,0.58,0.58,2,1.2,2.8,1.0,1.5,1.0,0.151887902583913,166,222,True,0.001,0.0001,True,44,188,71,204,111,28,51.494631828272084,27.231369267367086,17,82,0.7304791034700613,0.8298748904247355,2.738738919734157,1.8465262882731366,2.4272891821543356,2.259722429097596,0.6205543782149381
legacy_classic,2,0.0,-0.4294963304998186,0.0,-16.08409130811072,-0.2550105052157813,6.824644549763033,-43.96739686633214,BTC/USDT:USDT,BTCUSDT,60,10,60,5m,1m,1m,1h,1h,legacy_classic,legacy_classic,True,0.1,0.12,0.14,0.1,0.08,0.08,0.12,0.16,0.1,0.58,0.58,2,1.2,2.8,1.0,1.5,1.0,0.6590355882355212,396,345,True,0.001,0.0001,True,70,164,68,80,127,20,63.285421637015,42.926605074326744,26,57,0.9350632383519191,0.8017143157484967,3.013319078590863,2.2654276925844354,2.978830466582859,2.3029933176340185,2.177633951747387
legacy_classic,2,0.0,-0.5961143193473418,0.0,-18.213822738518978,-0.3539134808298199,6.682134570765662,-59.74974152158971,BTC/USDT:USDT,BTCUSDT,60,10,60,30m,15m,1m,1h,5m,legacy_classic,legacy_classic,True,0.1,0.12,0.14,0.1,0.08,0.08,0.12,0.16,0.1,0.58,0.58,2,1.2,2.8,1.0,1.5,1.0,0.4914933486166031,595,272,True,0.001,0.0001,True,66,203,19,154,78,13,71.28518985904466,39.31579479827691,10,70,0.9149410361803144,0.9458148770079041,1.6189685356661,4.39591783603107,1.7989369726439262,4.3467345029182916,0.7045988475351854
legacy_classic,2,0.0,-0.2518483511973023,0.0,-13.465625337149357,-0.14218825605773402,6.428571428571429,-24.285376722597007,BTC/USDT:USDT,BTCUSDT,60,10,60,5m,3m,1m,15m,15m,legacy_classic,legacy_classic,True,0.1,0.12,0.14,0.1,0.08,0.08,0.12,0.16,0.1,0.58,0.58,2,1.2,2.8,1.0,1.5,1.0,0.1572601058372496,221,21,True,0.001,0.0001,True,49,277,27,237,128,10,54.654382102941234,38.93820302905434,28,55,0.8274786030999437,0.8152517685661939,1.372819708618498,4.685515634690364,2.6359398106795693,3.4125946014901967,1.2265665733926756
legacy_classic,3,0.0,-0.22703378174291938,0.0,-16.380884593015114,-0.16355010232784659,10.666666666666666,-24.216936719244732,BTC/USDT:USDT,BTCUSDT,60,10,60,5m,5m,3m,15m,5m,legacy_classic,legacy_classic,False,0.1,0.12,0.14,0.1,0.08,0.08,0.12,0.16,0.1,0.58,0.58,2,1.2,2.8,1.0,1.5,1.0,0.17987995540283128,360,113,True,0.001,0.0001,True,54,141,72,73,50,8,58.347695045754016,49.5253036532053,24,69,0.668528693176588,0.2588431416883581,2.709968920774351,1.944932170784136,2.900029010026778,2.09645437548836,2.3120246013341292
legacy_classic,3,0.0,-0.4790807200538714,0.0,-17.996772726715488,-0.3393241756259734,9.57871396895787,-45.889771854384136,BTC/USDT:USDT,BTCUSDT,60,10,60,5m,3m,1m,4h,5m,legacy_classic,legacy_classic,False,0.1,0.12,0.14,0.1,0.08,0.08,0.12,0.16,0.1,0.58,0.58,2,1.2,2.8,1.0,1.5,1.0,0.3271801253592057,425,32,True,0.001,0.0001,True,25,173,28,115,98,28,61.41668910501634,34.807534161580506,21,139,0.6303661898329981,0.36751041950114416,2.2390221471865934,3.3885450561752304,2.055386458255252,3.542321659303229,0.9405319960849295
legacy_classic,2,0.0,-0.16692651856165816,0.0,-12.320492358866705,-0.09165964640073623,6.2882096069869,-15.74503406520444,BTC/USDT:USDT,BTCUSDT,60,10,60,30m,5m,15m,4h,5m,legacy_classic,legacy_classic,False,0.1,0.12,0.14,0.1,0.08,0.08,0.12,0.16,0.1,0.58,0.58,2,1.2,2.8,1.0,1.5,1.0,0.22641106697320673,210,227,True,0.001,0.0001,True,46,190,78,190,111,30,54.001847506062084,32.147954441827565,19,82,0.6,0.8298748904247355,2.8796343331078043,2.2505705513579466,2.4782218895389416,1.9253128989427688,0.4647061043592402
legacy_classic,1,0.0,-0.049050140050363636,0.0,-2054.9249761611354,0.0,1440.0,-2118.966050175709,BTC/USDT:USDT,BTCUSDT,60,10,60,30m,5m,15m,1h,1h,legacy_classic,legacy_classic,False,0.1,0.12,0.14,0.1,0.08,0.08,0.12,0.16,0.1,0.58,0.58,2,1.2,2.8,1.0,1.5,1.0,0.14032896598665026,273,196,True,0.001,0.0001,True,61,172,63,162,125,30,50.0,25.71392329610745,17,95,0.708937870011896,0.8298748904247355,2.738738919734157,1.5103136047955286,2.240067844619402,1.9253128989427688,0.5398544011139563
legacy_classic,2,0.0,-0.44841197426343327,0.0,-15.96370272037276,-0.24634558362761708,6.371681415929204,-42.85707364641663,BTC/USDT:USDT,BTCUSDT,60,10,60,5m,1m,1m,1h,1h,legacy_classic,legacy_classic,False,0.1,0.12,0.14,0.1,0.08,0.08,0.12,0.16,0.1,0.58,0.58,2,1.2,2.8,1.0,1.5,1.0,0.4097702498745903,553,313,True,0.001,0.0001,True,46,197,61,164,23,16,50.32010357819787,33.51780358554705,29,136,0.7203762505817275,0.6230907358023766,1.939500828052989,3.831796230309849,2.8108553303564316,4.1331275191684504,1.725145343694408
legacy_classic,2,0.0,-0.13802721667796686,0.0,-12.298208890149503,-0.08166876127172515,7.659574468085106,-15.858446171511083,BTC/USDT:USDT,BTCUSDT,60,10,60,5m,5m,3m,1h,5m,legacy_classic,legacy_classic,True,0.1,0.12,0.14,0.1,0.08,0.08,0.12,0.16,0.1,0.58,0.58,2,1.2,2.8,1.0,1.5,1.0,0.15962873297327085,676,220,True,0.001,0.0001,True,22,260,67,173,51,10,73.42091027248725,43.591507478662386,15,111,0.9640678464997827,0.3807191516083889,2.25968753704278,3.933198223131882,2.8013655036970904,2.577970549100112,1.9712746256062497
legacy_classic,2,0.0,-0.3799087460525561,0.0,-15.576300211036514,-0.207909905865715,7.093596059113301,-40.42378775731632,BTC/USDT:USDT,BTCUSDT,60,10,60,30m,5m,5m,4h,1h,legacy_classic,legacy_classic,False,0.1,0.12,0.14,0.1,0.08,0.08,0.12,0.16,0.1,0.58,0.58,2,1.2,2.8,1.0,1.5,1.0,0.5315787385073862,518,206,True,0.001,0.0001,True,60,212,38,60,140,23,62.74046112348956,36.50341193260796,17,73,0.8784129931765892,0.44270538328319875,2.9558726058240277,2.3303229699398655,1.6199292927060012,1.075120185077692,2.0601828790278316
legacy_classic,2,0.0,-0.4035621807138112,0.0,-15.326510322655116,-0.2215967067645678,6.2882096069869,-38.06525372671757,BTC/USDT:USDT,BTCUSDT,60,10,60,30m,15m,1m,4h,1h,legacy_classic,legacy_classic,True,0.1,0.12,0.14,0.1,0.08,0.08,0.12,0.16,0.1,0.58,0.58,2,1.2,2.8,1.0,1.5,1.0,0.6126202538132853,650,219,True,0.001,0.0001,True,59,166,24,64,27,30,52.2730268075738,31.646807178645822,7,130,0.716171784411157,0.8375415845680471,3.2228932293116914,4.441936771119487,1.3284958832588192,2.6428272812192724,2.3974672070714567
legacy_classic,2,0.0,-0.19727096911041683,0.0,-12.85199899851019,-0.11711990985383268,6.682134570765662,-19.77286743751742,BTC/USDT:USDT,BTCUSDT,60,10,60,30m,5m,15m,4h,5m,legacy_classic,legacy_classic,False,0.1,0.12,0.14,0.1,0.08,0.08,0.12,0.16,0.1,0.58,0.58,2,1.2,2.8,1.0,1.5,1.0,0.27556218296998364,254,195,True,0.001,0.0001,True,45,188,76,225,111,30,51.494631828272084,32.78922954218066,20,96,0.9501577729140371,0.8298748904247355,2.7428796737968577,3.1939485568696027,2.712526463288496,1.9253128989427688,0.4
legacy_classic,1,0.0,-0.039423976002483666,0.0,-2005.013315572878,0.0,1440.0,-1703.1157633072944,BTC/USDT:USDT,BTCUSDT,60,10,60,30m,5m,15m,4h,5m,legacy_classic,legacy_classic,False,0.1,0.12,0.14,0.1,0.08,0.08,0.12,0.16,0.1,0.58,0.58,2,1.2,2.8,1.0,1.5,1.0,0.13432459079235587,87,235,True,0.001,0.0001,True,42,188,77,174,111,30,50.0,30.22773370159662,17,77,0.7304791034700613,0.7810508848705955,3.261659826873075,1.5,2.712526463288496,2.4991634425362133,0.7811578181652896
legacy_classic,1,0.0,-0.27456214140547225,0.0,-1612.5396326643895,0.0,720.0,-5930.542254358201,BTC/USDT:USDT,BTCUSDT,60,10,60,15m,3m,3m,15m,15m,legacy_classic,legacy_classic,False,0.1,0.12,0.14,0.1,0.08,0.08,0.12,0.16,0.1,0.58,0.58,2,1.2,2.8,1.0,1.5,1.0,0.3655564609293829,642,154,True,0.001,0.0001,True,40,273,56,187,94,27,62.81774687368821,31.97175403789072,18,104,1.1144693929335947,0.8224525084307468,1.0622095864560317,4.7376495641266745,0.9654678487194184,2.1987921880871903,0.4335059064252481
legacy_classic,4,0.0,-0.7785145682631875,0.0,-28.16312731636794,-0.6369134431035547,14.117647058823529,-82.43095428669044,BTC/USDT:USDT,BTCUSDT,60,10,60,30m,15m,1m,4h,15m,legacy_classic,legacy_classic,True,0.1,0.12,0.14,0.1,0.08,0.08,0.12,0.16,0.1,0.58,0.58,2,1.2,2.8,1.0,1.5,1.0,0.5286343100226774,356,20,True,0.001,0.0001,True,35,232,66,229,80,8,70.38441513882563,49.13532583246726,11,46,0.668663424451884,0.5112255876696681,2.9784138888271716,3.8819790872146416,1.128320794538244,2.1591237286287424,2.215376017243888
legacy_classic,3,0.0,-1.7568872762070022,0.0,-34.51233540002464,-1.2267980787246264,9.557522123893806,-167.9148901153595,BTC/USDT:USDT,BTCUSDT,60,10,60,15m,15m,5m,4h,1h,legacy_classic,legacy_classic,False,0.1,0.12,0.14,0.1,0.08,0.08,0.12,0.16,0.1,0.58,0.58,2,1.2,2.8,1.0,1.5,1.0,0.8954417932971437,410,33,True,0.001,0.0001,True,37,164,29,248,39,13,51.71614698896397,36.40742563664414,18,110,0.9090568523178588,0.5179579469537267,1.615593269956451,5.838163922671242,1.7178910234579445,2.221181038493487,0.726225192778746
legacy_classic,2,0.0,-0.17811244668779877,0.0,-12.72056841192956,-0.09747430773612555,7.093596059113301,-18.95186624855396,BTC/USDT:USDT,BTCUSDT,60,10,60,30m,1m,15m,1h,5m,legacy_classic,legacy_classic,True,0.1,0.12,0.14,0.1,0.08,0.08,0.12,0.16,0.1,0.58,0.58,2,1.2,2.8,1.0,1.5,1.0,0.1798778476647731,84,238,True,0.001,0.0001,True,24,133,71,76,141,9,51.273412041661174,35.41270624144268,22,108,0.7372350831526223,0.5497219232458281,2.133441874629841,5.927687705794115,0.8682989612237209,2.110624004390651,2.312116006251966
legacy_classic,1,0.0,-0.11094591280141845,0.0,-2375.8545578753547,0.0,1440.0,-4792.863433021277,BTC/USDT:USDT,BTCUSDT,60,10,60,30m,1m,3m,4h,5m,legacy_classic,legacy_classic,False,0.1,0.12,0.14,0.1,0.08,0.08,0.12,0.16,0.1,0.58,0.58,2,1.2,2.8,1.0,1.5,1.0,0.3148015385079578,198,253,True,0.001,0.0001,True,51,188,80,202,111,30,51.03782050090669,27.584444641534073,19,82,0.6276780626161794,0.9121195192794384,2.7162459931305585,2.6428295249478504,2.712526463288496,2.0630741134031885,0.4554719894002828
legacy_classic,1,0.0,-0.0677465096130641,0.0,-2151.8656523437376,0.0,1440.0,-2926.649215284369,BTC/USDT:USDT,BTCUSDT,60,10,60,30m,1m,15m,4h,5m,legacy_classic,legacy_classic,False,0.1,0.12,0.14,0.1,0.08,0.08,0.12,0.16,0.1,0.58,0.58,2,1.2,2.8,1.0,1.5,1.0,0.19381795104855096,177,210,True,0.001,0.0001,True,51,188,80,181,120,30,50.0,27.16133324727207,17,92,0.766419857553635,0.8660736848983017,2.738738919734157,2.2505705513579466,2.6508475262129094,1.9253128989427688,0.4736207606755399
legacy_classic,2,0.0,-0.867098487798962,0.0,-22.071588636886403,-0.5039142930436076,6.824644549763033,-88.7645845329743,BTC/USDT:USDT,BTCUSDT,60,10,60,5m,5m,5m,1h,1h,legacy_classic,legacy_classic,False,0.1,0.12,0.14,0.1,0.08,0.08,0.12,0.16,0.1,0.58,0.58,2,1.2,2.8,1.0,1.5,1.0,0.7193380819238303,590,254,True,0.001,0.0001,True,58,153,48,113,99,21,61.93378551634905,31.438166319978485,13,107,0.9814703074018261,0.5895505711970147,1.58016529077031,2.7064714534966323,0.8259870080407181,4.130852993295849,0.45288946015329173
legacy_classic,2,0.0,-0.1476733225921022,0.0,-12.18523637505792,-0.08767375305041616,6.682134570765662,-14.801595211087738,BTC/USDT:USDT,BTCUSDT,60,10,60,5m,5m,5m,1h,15m,legacy_classic,legacy_classic,True,0.1,0.12,0.14,0.1,0.08,0.08,0.12,0.16,0.1,0.58,0.58,2,1.2,2.8,1.0,1.5,1.0,0.17878342388307158,223,293,True,0.001,0.0001,True,52,167,58,78,29,12,74.02259141318233,40.13975619249813,17,81,0.9584900081315846,0.8687535347209955,2.3772536422714143,3.2453258881023603,1.9014412051724954,4.001917368030352,1.53754171343595
legacy_classic,2,0.0,-0.1438803948720127,0.0,-12.382788779690078,-0.07885100940379465,7.659574468085106,-16.530938985295077,BTC/USDT:USDT,BTCUSDT,60,10,60,5m,5m,5m,15m,5m,legacy_classic,legacy_classic,False,0.1,0.12,0.14,0.1,0.08,0.08,0.12,0.16,0.1,0.58,0.58,2,1.2,2.8,1.0,1.5,1.0,0.2272130005524262,299,73,True,0.001,0.0001,True,45,110,43,198,136,23,66.77278395751514,35.084567618465606,19,142,0.9763335115773563,0.45777800570262484,2.787532457597362,4.971503019996181,0.9894964283031755,1.7210736026160522,0.6461469237497199
legacy_classic,2,0.0,-0.3726659451336901,0.0,-15.463063414074352,-0.20530540640856493,7.076167076167076,-39.555697370455555,BTC/USDT:USDT,BTCUSDT,60,10,60,5m,3m,1m,1h,1h,legacy_classic,legacy_classic,False,0.1,0.12,0.14,0.1,0.08,0.08,0.12,0.16,0.1,0.58,0.58,2,1.2,2.8,1.0,1.5,1.0,0.5267676158263038,300,332,True,0.001,0.0001,True,77,112,67,135,58,21,61.53544949391674,40.93095876821392,19,54,0.6371326199262451,0.6313269807236579,2.9642254379968103,2.602203717280618,1.5603145610566913,3.234535764822234,0.5128733619128925
legacy_classic,1,0.0,-0.06488284281192372,0.0,-2137.0175399798245,0.0,1440.0,-2802.938809475105,BTC/USDT:USDT,BTCUSDT,60,10,60,30m,5m,15m,4h,5m,legacy_classic,legacy_classic,False,0.1,0.12,0.14,0.1,0.08,0.08,0.12,0.16,0.1,0.58,0.58,2,1.2,2.8,1.0,1.5,1.0,0.17439683496349984,190,226,True,0.001,0.0001,True,51,188,78,181,111,30,52.82119502419642,28.886344785448973,17,82,0.767802231608713,0.7599096885760915,2.573074074414642,1.9340378867549757,2.6351153693567033,1.9861536172361343,0.5398544011139563
legacy_classic,1,0.0,-0.04140747977137416,0.0,-2015.297782614575,0.0,1440.0,-1788.8031261233639,BTC/USDT:USDT,BTCUSDT,60,10,60,30m,5m,15m,1h,15m,legacy_classic,legacy_classic,False,0.1,0.12,0.14,0.1,0.08,0.08,0.12,0.16,0.1,0.58,0.58,2,1.2,2.8,1.0,1.5,1.0,0.10876443889220655,198,199,True,0.001,0.0001,True,51,174,78,163,111,29,50.0,30.22773370159662,17,85,0.7304791034700613,0.81598215721039,2.5145002634706053,2.2505705513579466,3.0,2.2243423620345553,0.5398544011139563
legacy_classic,4,0.0,-0.20849894710719796,0.0,-18.762908420313767,-0.16850436466713264,13.24137931034483,-20.70610233340449,BTC/USDT:USDT,BTCUSDT,60,10,60,5m,3m,5m,1h,15m,legacy_classic,legacy_classic,True,0.1,0.12,0.14,0.1,0.08,0.08,0.12,0.16,0.1,0.58,0.58,2,1.2,2.8,1.0,1.5,1.0,0.10283306033405623,481,42,True,0.001,0.0001,True,67,162,38,119,60,17,70.10281732681942,38.436349761967676,21,24,0.7641842094068692,0.15134501943383835,2.0512944247012177,4.016562381096021,1.6279325329911851,2.6955314913227757,2.497379351104386
legacy_classic,2,0.0,-0.23849699909301042,0.0,-13.838935977766006,-0.14779494744460125,7.68,-27.4748542955148,BTC/USDT:USDT,BTCUSDT,60,10,60,30m,3m,5m,1h,15m,legacy_classic,legacy_classic,False,0.1,0.12,0.14,0.1,0.08,0.08,0.12,0.16,0.1,0.58,0.58,2,1.2,2.8,1.0,1.5,1.0,0.18218507374789922,668,301,True,0.001,0.0001,True,42,152,49,233,34,30,72.23131703245946,49.93678512995595,19,28,0.701642338554151,0.8398013086169771,1.6024780441292195,2.246392886569228,2.664251814816963,2.440543541255456,0.5916170253614998
legacy_classic,2,0.0,-0.43872597734913776,0.0,-16.40865560247741,-0.24009838572888348,7.093596059113301,-46.68217295931713,BTC/USDT:USDT,BTCUSDT,60,10,60,5m,5m,5m,4h,1h,legacy_classic,legacy_classic,True,0.1,0.12,0.14,0.1,0.08,0.08,0.12,0.16,0.1,0.58,0.58,2,1.2,2.8,1.0,1.5,1.0,0.28178253698559536,171,283,True,0.001,0.0001,True,47,230,62,112,139,11,51.155162955637756,38.63246349184011,21,52,0.7900468725642257,0.2927443497664083,1.3568071607473926,3.149306005701847,1.4449707254307051,3.9401052232657934,1.036286975185202
legacy_classic,1,0.0,-0.032635613794836454,0.0,-1969.815657526227,0.0,1440.0,-1409.8585159369347,BTC/USDT:USDT,BTCUSDT,60,10,60,30m,5m,5m,1h,5m,legacy_classic,legacy_classic,False,0.1,0.12,0.14,0.1,0.08,0.08,0.12,0.16,0.1,0.58,0.58,2,1.2,2.8,1.0,1.5,1.0,0.1,165,210,True,0.001,0.0001,True,51,165,80,181,111,30,51.494631828272084,29.78639501303124,19,82,0.7744847062733263,0.798548629123363,2.9332682068476945,1.824149125729854,2.712526463288496,1.9253128989427688,0.5398544011139563
legacy_classic,1,0.0,-0.07575101603057537,0.0,-2193.3690181185334,0.0,1440.0,-3272.443892520856,BTC/USDT:USDT,BTCUSDT,60,10,60,30m,5m,15m,4h,5m,legacy_classic,legacy_classic,False,0.1,0.12,0.14,0.1,0.08,0.08,0.12,0.16,0.1,0.58,0.58,2,1.2,2.8,1.0,1.5,1.0,0.19381795104855096,299,196,True,0.001,0.0001,True,51,158,74,150,96,26,51.42334184699134,30.22773370159662,21,63,0.7304791034700613,0.8298748904247355,2.4493401181385264,2.2505705513579466,2.712526463288496,1.6096390553430575,0.5833222526763826
legacy_classic,2,0.0,-0.11090808494680773,0.0,-11.769522067340587,-0.06069586378474051,7.093596059113301,-11.801057314537179,BTC/USDT:USDT,BTCUSDT,60,10,60,30m,15m,5m,1h,15m,legacy_classic,legacy_classic,False,0.1,0.12,0.14,0.1,0.08,0.08,0.12,0.16,0.1,0.58,0.58,2,1.2,2.8,1.0,1.5,1.0,0.10951930201257357,220,342,True,0.001,0.0001,True,80,225,25,100,83,19,52.7622400265751,40.60737210128435,28,43,0.6920073934328108,0.4569619392156137,2.0860507175326477,5.916610670918901,1.0368979463113441,2.2199709396359437,2.08026507925436
legacy_classic,2,0.0,-0.9224199804876949,0.0,-22.593273117940193,-0.6105385340439503,6.651270207852194,-92.02896803018112,BTC/USDT:USDT,BTCUSDT,60,10,60,5m,5m,1m,1h,1h,legacy_classic,legacy_classic,False,0.1,0.12,0.14,0.1,0.08,0.08,0.12,0.16,0.1,0.58,0.58,2,1.2,2.8,1.0,1.5,1.0,0.2546065120304839,549,165,True,0.001,0.0001,True,70,173,77,204,56,17,67.1283445540978,47.905534736384624,19,72,0.8424802643827118,0.9530741682482312,0.8339121751960287,4.515038804575402,1.3662520713845565,3.166475027303716,0.7122498284144211
legacy_classic,2,0.0,-0.5154602582731677,0.0,-17.481311332959407,-0.28625977012705894,7.076167076167076,-54.7122436299775,BTC/USDT:USDT,BTCUSDT,60,10,60,30m,15m,1m,1h,1h,legacy_classic,legacy_classic,True,0.1,0.12,0.14,0.1,0.08,0.08,0.12,0.16,0.1,0.58,0.58,2,1.2,2.8,1.0,1.5,1.0,0.5739991361068296,577,336,True,0.001,0.0001,True,75,269,21,198,138,8,62.224924497112326,38.45151200565885,9,21,0.8608036368190168,0.23897899601661898,2.3181642968685443,4.580278038205688,1.2668740212459877,3.350621303688535,1.178248213310261
feature_prob,1,0.0,-0.07749244866603333,0.0,-2201.648346333383,0.0,1440.0,-3347.67378237264,BTC/USDT:USDT,BTCUSDT,60,10,60,5m,3m,1m,4h,5m,feature_prob,feature_prob,True,0.12034166128953666,0.1166777258209177,0.12831056938308272,0.13296944319529008,0.10045799414939537,0.09215365282595703,0.13130265136593294,0.1385916716896616,0.09658256429524406,0.5647879456180012,0.5631400645807348,1,1.2,3.281309013560944,1.0,1.3801313626878813,0.753657311038467,0.22170039029271668,204,180,True,0.001,0.0001,True,51,188,78,181,111,30,51.494631828272084,30.22773370159662,17,82,0.7304791034700613,0.8298748904247355,2.738738919734157,2.2505705513579466,2.712526463288496,1.9253128989427688,0.5398544011139563
legacy_classic,2,0.0,-0.21375000832573415,0.0,-12.947454517668529,-0.11742855582281217,6.371681415929204,-20.429204335556893,BTC/USDT:USDT,BTCUSDT,60,10,60,30m,5m,15m,1h,1h,legacy_classic,legacy_classic,False,0.1,0.12,0.14,0.1,0.08,0.08,0.12,0.16,0.1,0.58,0.58,2,1.2,2.8,1.0,1.5,1.0,0.2758227141575794,153,232,True,0.001,0.0001,True,51,196,78,181,117,30,51.494631828272084,31.457841766397042,17,82,0.730672582433732,0.7395626745446228,2.738738919734157,2.2479094100036496,2.632474723390827,2.348003216770368,0.5398544011139563
legacy_classic,3,0.0,-1.2120387516488977,0.0,-27.80543319742783,-0.8540840303315842,9.68609865470852,-117.3992692180098,BTC/USDT:USDT,BTCUSDT,60,10,60,30m,3m,5m,4h,5m,legacy_classic,legacy_classic,False,0.1,0.12,0.14,0.1,0.08,0.08,0.12,0.16,0.1,0.58,0.58,2,1.2,2.8,1.0,1.5,1.0,0.49379146281352504,668,186,True,0.001,0.0001,True,46,105,10,149,84,12,66.87775637584713,47.059781508757126,21,75,0.8216717554888069,0.16453467219532183,1.275018700286402,3.606565504961766,2.7670814720037242,1.7464060884088402,0.4451739469263543
legacy_classic,2,0.0,-0.2034867517569957,0.0,-13.079654332208838,-0.11136071975785579,7.093596059113301,-21.65179230517787,BTC/USDT:USDT,BTCUSDT,60,10,60,5m,3m,1m,1h,5m,legacy_classic,legacy_classic,False,0.1,0.12,0.14,0.1,0.08,0.08,0.12,0.16,0.1,0.58,0.58,2,1.2,2.8,1.0,1.5,1.0,0.17043305451821214,347,254,True,0.001,0.0001,True,23,256,11,174,150,22,57.16155826314049,39.89028396796099,29,96,0.7324840581849565,0.5760767156868926,1.76935545963559,3.980313911187532,2.370410237189243,4.132956749591378,1.4657579327660022
legacy_classic,2,0.0,-0.3588599918619517,0.0,-15.267126251934052,-0.19632913315895997,7.076167076167076,-38.090298890506915,BTC/USDT:USDT,BTCUSDT,60,10,60,5m,5m,1m,1h,5m,legacy_classic,legacy_classic,False,0.1,0.12,0.14,0.1,0.08,0.08,0.12,0.16,0.1,0.58,0.58,2,1.2,2.8,1.0,1.5,1.0,0.5114239812001236,521,149,True,0.001,0.0001,True,55,280,67,242,147,8,52.96869509801204,41.037455494482,27,69,0.7639083087494458,0.7475131164058157,3.009462164247039,2.629292304777075,2.775596660323636,3.4434965354629075,0.7272104324033977
legacy_classic,2,0.0,-0.49734579818721736,0.0,-17.028143024699542,-0.29530035479862066,6.840855106888361,-51.034058151277414,BTC/USDT:USDT,BTCUSDT,60,10,60,30m,15m,5m,1h,15m,legacy_classic,legacy_classic,True,0.1,0.12,0.14,0.1,0.08,0.08,0.12,0.16,0.1,0.58,0.58,2,1.2,2.8,1.0,1.5,1.0,0.3414745358507361,565,116,True,0.001,0.0001,True,40,147,28,181,149,27,52.46021017847483,33.805334277123755,15,91,0.9843219870371235,0.20990015619108784,1.3483594050106569,3.875614119405112,2.867244140450421,2.0260094711720162,0.8607332687520265
legacy_classic,1,0.0,-0.071205574819664,0.0,-2169.8009054399577,0.0,1440.0,-3076.0808322094845,BTC/USDT:USDT,BTCUSDT,60,10,60,30m,5m,15m,4h,5m,legacy_classic,legacy_classic,False,0.1,0.12,0.14,0.1,0.08,0.08,0.12,0.16,0.1,0.58,0.58,2,1.2,2.8,1.0,1.5,1.0,0.19381795104855096,198,262,True,0.001,0.0001,True,56,188,78,181,111,26,50.0,30.788661761845308,17,99,0.6597173806141059,0.9524125388595455,2.6056948914933065,2.2505705513579466,2.712526463288496,1.7346777723517666,0.7513563605111517
legacy_classic,1,0.0,-0.03277593560729463,0.0,-1970.5432261238227,0.0,1440.0,-1415.920418235128,BTC/USDT:USDT,BTCUSDT,60,10,60,30m,5m,15m,4h,5m,legacy_classic,legacy_classic,False,0.1,0.12,0.14,0.1,0.08,0.08,0.12,0.16,0.1,0.58,0.58,2,1.2,2.8,1.0,1.5,1.0,0.10060031561303627,302,208,True,0.001,0.0001,True,47,196,78,184,121,26,51.494631828272084,26.907392144418267,17,102,0.6941036656661022,0.8298748904247355,2.9382436459657426,2.9379373174807193,2.712526463288496,2.0738414615662943,0.4431527668768903
legacy_classic,3,0.0,-0.7439141921840683,0.0,-25.544077600839074,-0.5456317225382725,11.48936170212766,-85.47099229348869,BTC/USDT:USDT,BTCUSDT,60,10,60,5m,5m,3m,15m,5m,legacy_classic,legacy_classic,True,0.1,0.12,0.14,0.1,0.08,0.08,0.12,0.16,0.1,0.58,0.58,2,1.2,2.8,1.0,1.5,1.0,0.3512783533731727,517,112,True,0.001,0.0001,True,72,201,51,76,80,17,72.71100139495829,42.79808060434948,22,33,0.9004639246697442,0.18772562001438156,1.4133947529799489,5.583519490189613,1.3808400693227583,0.8314001456340695,1.4552229147967402
legacy_classic,2,0.0,-0.07807194651227947,0.0,-11.209474856214419,-0.04287284675979746,6.414253897550111,-7.511599308085686,BTC/USDT:USDT,BTCUSDT,60,10,60,30m,15m,5m,4h,15m,legacy_classic,legacy_classic,True,0.1,0.12,0.14,0.1,0.08,0.08,0.12,0.16,0.1,0.58,0.58,2,1.2,2.8,1.0,1.5,1.0,0.10592864912304809,230,306,True,0.001,0.0001,True,40,124,33,200,74,7,55.593749740016406,32.98915973598972,12,100,0.6899963238257444,0.8097323780738739,2.880881786261188,2.8361953891200904,2.154559770853524,3.694863447381449,2.4895726918358045
legacy_classic,3,0.0,-0.4232023109996874,0.0,-19.13368968281121,-0.2947821700672045,10.64039408866995,-45.030393682725354,BTC/USDT:USDT,BTCUSDT,60,10,60,30m,5m,15m,1h,5m,legacy_classic,legacy_classic,False,0.1,0.12,0.14,0.1,0.08,0.08,0.12,0.16,0.1,0.58,0.58,2,1.2,2.8,1.0,1.5,1.0,0.2676028093506081,334,85,True,0.001,0.0001,True,60,262,54,64,30,12,53.533886193645955,40.53486580572361,19,109,0.8748230516630288,0.3456175348992119,1.9929718067629905,2.9023790403114997,1.403604960550651,3.7019595541240227,1.9235636239520177
legacy_classic,2,0.0,-0.24154165843443753,0.0,-13.862913106106129,-0.14287638669232264,7.639257294429708,-27.677983141558887,BTC/USDT:USDT,BTCUSDT,60,10,60,30m,1m,15m,4h,15m,legacy_classic,legacy_classic,True,0.1,0.12,0.14,0.1,0.08,0.08,0.12,0.16,0.1,0.58,0.58,2,1.2,2.8,1.0,1.5,1.0,0.4034047236447583,341,305,True,0.001,0.0001,True,75,212,59,94,22,24,72.37520652214883,41.06328596420077,28,44,0.6552269086079336,0.6961691677513957,3.26191822150148,3.8228791393502153,2.939865158018148,4.040874361990642,0.6577500937562069
legacy_classic,1,0.0,-0.10324163669429577,0.0,-2335.9078862599235,0.0,1440.0,-4460.038705193578,BTC/USDT:USDT,BTCUSDT,60,10,60,30m,5m,15m,4h,5m,legacy_classic,legacy_classic,False,0.1,0.12,0.14,0.1,0.08,0.08,0.12,0.16,0.1,0.58,0.58,2,1.2,2.8,1.0,1.5,1.0,0.28450273129840153,247,210,True,0.001,0.0001,True,51,226,78,152,113,26,51.494631828272084,29.93613244716047,17,82,0.8151229825451292,0.8298748904247355,2.638001993539728,2.2505705513579466,2.712526463288496,1.7084515294418967,0.678337162674487
legacy_classic,1,0.0,-0.07494570695001886,0.0,-2189.1934905358476,0.0,1440.0,-3237.6545402408146,BTC/USDT:USDT,BTCUSDT,60,10,60,30m,5m,15m,4h,5m,legacy_classic,legacy_classic,True,0.1,0.12,0.14,0.1,0.08,0.08,0.12,0.16,0.1,0.58,0.58,2,1.2,2.8,1.0,1.5,1.0,0.19381795104855096,106,209,True,0.001,0.0001,True,51,161,79,160,124,30,52.20396001025519,30.22773370159662,17,95,0.9148347332690083,0.8298748904247355,2.4756588483070705,2.2505705513579466,2.6162011648766472,1.9253128989427688,0.4
legacy_classic,2,0.0,-0.11695386640008998,0.0,-11.874391313318643,-0.06499313429381406,7.182044887780548,-12.599518774274031,BTC/USDT:USDT,BTCUSDT,60,10,60,5m,5m,5m,15m,5m,legacy_classic,legacy_classic,False,0.1,0.12,0.14,0.1,0.08,0.08,0.12,0.16,0.1,0.58,0.58,2,1.2,2.8,1.0,1.5,1.0,0.16183441959276576,277,215,True,0.001,0.0001,True,43,113,62,228,45,22,66.86816071433448,36.79773743506593,19,103,0.8863721451652784,0.3187244651215826,2.878701973094394,1.6736034817472907,1.8064006463805211,3.3760015006841186,1.4718089240662917
legacy_classic,2,0.0,-0.29117409534931615,0.0,-13.898827781279627,-0.15988421043427206,6.2882096069869,-27.46445615521934,BTC/USDT:USDT,BTCUSDT,60,10,60,30m,15m,3m,1h,5m,legacy_classic,legacy_classic,False,0.1,0.12,0.14,0.1,0.08,0.08,0.12,0.16,0.1,0.58,0.58,2,1.2,2.8,1.0,1.5,1.0,0.4717289640078025,238,271,True,0.001,0.0001,True,72,154,21,73,147,30,64.10250330249335,45.08781551657472,19,126,0.8047302972908139,0.9004678406424211,3.439575407213324,2.725338617290272,2.032055684268366,1.1023655154435947,1.6344529348363954
legacy_classic,2,0.0,-0.5106742845214227,0.0,-17.944235681120077,-0.30207334429192334,7.639257294429708,-58.517583796619256,BTC/USDT:USDT,BTCUSDT,60,10,60,5m,3m,3m,4h,5m,legacy_classic,legacy_classic,False,0.1,0.12,0.14,0.1,0.08,0.08,0.12,0.16,0.1,0.58,0.58,2,1.2,2.8,1.0,1.5,1.0,0.5237853253781051,227,141,True,0.001,0.0001,True,80,184,65,208,40,10,70.60643120843484,35.9655645304872,7,116,0.7006179291142154,0.6759681140283262,2.0032422495026285,1.9068178674771146,1.3834580990202487,3.280223035784635,1.8567009198231728
legacy_classic,1,0.0,-0.04835660723633564,0.0,-2051.3290085204003,0.0,1440.0,-2089.0054326096997,BTC/USDT:USDT,BTCUSDT,60,10,60,30m,5m,15m,1h,5m,legacy_classic,legacy_classic,False,0.1,0.12,0.14,0.1,0.08,0.08,0.12,0.16,0.1,0.58,0.58,2,1.2,2.8,1.0,1.5,1.0,0.1515864237609664,169,210,True,0.001,0.0001,True,53,188,78,181,118,30,54.10608236356397,29.56695516170757,15,87,0.7304791034700613,0.8298748904247355,3.0008759621721097,2.2313893782703875,2.7370461697213937,1.4997808999406366,0.5398544011139563
legacy_classic,1,0.0,-0.06461210975746055,0.0,-2135.613789092433,0.0,1440.0,-2791.243141522296,BTC/USDT:USDT,BTCUSDT,60,10,60,30m,1m,15m,4h,5m,legacy_classic,legacy_classic,False,0.1,0.12,0.14,0.1,0.08,0.08,0.12,0.16,0.1,0.58,0.58,2,1.2,2.8,1.0,1.5,1.0,0.1711630757754938,198,204,True,0.001,0.0001,True,55,188,80,181,111,30,51.494631828272084,27.19279846677512,18,65,0.6777503527137659,0.7762463479745273,2.535944356645675,2.865734048843785,2.712526463288496,1.941409707116807,0.8404466431236355
legacy_classic,3,0.0,-0.12234796290049102,0.0,-13.333696866886024,-0.08747744919505325,9.557522123893806,-11.693433622347815,BTC/USDT:USDT,BTCUSDT,60,10,60,15m,3m,3m,4h,5m,legacy_classic,legacy_classic,True,0.1,0.12,0.14,0.1,0.08,0.08,0.12,0.16,0.1,0.58,0.58,2,1.2,2.8,1.0,1.5,1.0,0.13180591213924617,555,30,True,0.001,0.0001,True,55,183,34,188,83,30,52.809173189834496,35.35692568577218,10,38,0.6877110686261151,0.17545272017779864,3.498847854351654,2.103876868745784,1.4170272702844011,2.650183608994552,1.1327394968830913
legacy_classic,3,0.0,-0.7530847648088471,0.0,-22.166856073846272,-0.5311168055751087,9.863013698630137,-74.27685351539314,BTC/USDT:USDT,BTCUSDT,60,10,60,15m,1m,5m,15m,15m,legacy_classic,legacy_classic,False,0.1,0.12,0.14,0.1,0.08,0.08,0.12,0.16,0.1,0.58,0.58,2,1.2,2.8,1.0,1.5,1.0,0.24429695761992792,534,146,True,0.001,0.0001,True,61,148,22,248,82,16,61.3473777820539,44.85877721881163,27,107,0.7430096669303392,0.33369831590026194,1.0526194684273031,2.2696553212105655,0.5717228632941391,1.0218783280871908,2.200229477650789
legacy_classic,2,0.0,-0.4072284092083095,0.0,-16.390447718118118,-0.2409513176831794,7.659574468085106,-46.78794488776321,BTC/USDT:USDT,BTCUSDT,60,10,60,5m,3m,5m,15m,5m,legacy_classic,legacy_classic,True,0.1,0.12,0.14,0.1,0.08,0.08,0.12,0.16,0.1,0.58,0.58,2,1.2,2.8,1.0,1.5,1.0,0.620294069047593,626,318,True,0.001,0.0001,True,79,274,47,145,133,9,57.24634823251536,45.71702067862444,16,78,0.9736136480691255,0.30266852660798194,2.976196593154077,1.673841981470428,2.720878985543233,4.0350274293487765,2.0052527335496237
legacy_classic,1,0.0,-0.10846345542543986,0.0,-2362.9830163809056,0.0,1440.0,-4685.621274379002,BTC/USDT:USDT,BTCUSDT,60,10,60,30m,5m,15m,1h,5m,legacy_classic,legacy_classic,False,0.1,0.12,0.14,0.1,0.08,0.08,0.12,0.16,0.1,0.58,0.58,2,1.2,2.8,1.0,1.5,1.0,0.33257109052058775,156,199,True,0.001,0.0001,True,48,188,72,190,124,30,50.723167058374536,30.22773370159662,16,103,0.8131659564737654,0.7977679988883329,2.935246768445406,2.3625633705088775,2.701186369007772,1.9659222459233665,0.5398544011139563
legacy_classic,1,0.0,-0.04988634664931794,0.0,-2059.2607073767135,0.0,1440.0,-2155.0901752505347,BTC/USDT:USDT,BTCUSDT,60,10,60,30m,5m,15m,1h,1h,legacy_classic,legacy_classic,False,0.1,0.12,0.14,0.1,0.08,0.08,0.12,0.16,0.1,0.58,0.58,2,1.2,2.8,1.0,1.5,1.0,0.15237066261897353,185,210,True,0.001,0.0001,True,50,161,65,173,105,30,54.64559072135614,26.16828056854895,15,82,0.8709633299382044,0.6832101414957967,2.9212134044296403,2.2505705513579466,2.712526463288496,1.9253128989427688,0.5398544011139563
legacy_classic,2,0.0,-0.38094807514965345,0.0,-15.111409840036188,-0.21667226603745401,6.385809312638581,-36.489926488835984,BTC/USDT:USDT,BTCUSDT,60,10,60,5m,1m,3m,15m,15m,legacy_classic,legacy_classic,True,0.1,0.12,0.14,0.1,0.08,0.08,0.12,0.16,0.1,0.58,0.58,2,1.2,2.8,1.0,1.5,1.0,0.555724519127329,619,90,True,0.001,0.0001,True,30,227,28,134,56,18,55.95189202242641,32.22924836819944,20,146,0.8897242412241027,0.35106321887794434,2.9906634804656465,5.423263001398801,1.3050614286466455,3.8375089567337666,0.45516226864422504
legacy_classic,2,0.0,-0.4678683636617958,0.0,-17.295095613307602,-0.2767528453721848,7.639257294429708,-53.61250214904397,BTC/USDT:USDT,BTCUSDT,60,10,60,15m,3m,1m,1h,5m,legacy_classic,legacy_classic,False,0.1,0.12,0.14,0.1,0.08,0.08,0.12,0.16,0.1,0.58,0.58,2,1.2,2.8,1.0,1.5,1.0,0.816651759618069,577,323,True,0.001,0.0001,True,41,240,61,92,55,20,70.3249713903667,35.88030315781265,20,130,0.8478782839591238,0.6177821998159452,3.409081277008566,2.141352514818461,0.5236431186140909,2.2209453753280197,1.1722381327629154
legacy_classic,2,0.0,-0.43163905707697015,0.0,-16.29477135115176,-0.2361459171689218,7.076167076167076,-45.81525126713786,BTC/USDT:USDT,BTCUSDT,60,10,60,15m,3m,3m,15m,15m,legacy_classic,legacy_classic,False,0.1,0.12,0.14,0.1,0.08,0.08,0.12,0.16,0.1,0.58,0.58,2,1.2,2.8,1.0,1.5,1.0,0.3940488921162679,148,144,True,0.001,0.0001,True,68,258,44,169,139,17,64.23927759762685,40.40807596665486,15,97,0.8252433147408573,0.7175005847947805,1.927801072535997,4.571182723391381,2.4931666521868507,3.759202396311651,2.0330706323278673
legacy_classic,1,0.0,-0.07588705903082416,0.0,-2194.074401074823,0.0,1440.0,-3278.3209501316037,BTC/USDT:USDT,BTCUSDT,60,10,60,30m,5m,15m,4h,5m,legacy_classic,legacy_classic,False,0.1,0.12,0.14,0.1,0.08,0.08,0.12,0.16,0.1,0.58,0.58,2,1.2,2.8,1.0,1.5,1.0,0.22026691782178887,250,210,True,0.001,0.0001,True,51,183,77,181,111,30,51.327502634590466,30.977346549290214,17,77,0.6461796122671362,0.8737467130665277,2.7785941220894164,2.2505705513579466,2.907558411788948,1.9253128989427688,0.5398544011139563
legacy_classic,2,0.0,-0.14851392602282432,0.0,-12.086594461025497,-0.08154925929165052,6.2882096069869,-14.008300445820986,BTC/USDT:USDT,BTCUSDT,60,10,60,30m,5m,3m,4h,5m,legacy_classic,legacy_classic,False,0.1,0.12,0.14,0.1,0.08,0.08,0.12,0.16,0.1,0.58,0.58,2,1.2,2.8,1.0,1.5,1.0,0.19381795104855096,198,164,True,0.001,0.0001,True,61,195,80,181,99,29,51.494631828272084,31.459586697758986,17,82,0.7048272787855375,0.8880506995786503,2.7707149398395976,1.7812859096496805,2.6378416216457437,1.9253128989427688,0.4
legacy_classic,2,0.0,-0.24618720099246422,0.0,-13.696669177444408,-0.14183686249771849,7.111111111111111,-26.259968105862846,BTC/USDT:USDT,BTCUSDT,60,10,60,5m,5m,1m,1h,5m,legacy_classic,legacy_classic,True,0.1,0.12,0.14,0.1,0.08,0.08,0.12,0.16,0.1,0.58,0.58,2,1.2,2.8,1.0,1.5,1.0,0.30999209337034217,186,134,True,0.001,0.0001,True,63,209,62,105,76,20,53.45117310409145,47.741608613483415,16,97,0.6747713067722511,0.6839130753446692,2.8411906941689073,5.522398560166134,2.4140148769512235,0.8315233439793754,0.9120418743160139
legacy_classic,2,0.0,-0.30283341120506874,0.0,-14.803496114155905,-0.1791822668025797,7.659574468085106,-34.79362596824193,BTC/USDT:USDT,BTCUSDT,60,10,60,15m,3m,3m,15m,15m,legacy_classic,legacy_classic,True,0.1,0.12,0.14,0.1,0.08,0.08,0.12,0.16,0.1,0.58,0.58,2,1.2,2.8,1.0,1.5,1.0,0.3787438692508902,663,293,True,0.001,0.0001,True,40,216,15,170,111,8,74.40357193354875,37.16172335182323,20,76,0.8565284875679162,0.36561126576837877,2.443677428191789,4.45684230006194,1.1339544115381035,3.3959487586787382,1.5364481799321563
legacy_classic,2,0.0,-0.4456580149202434,0.0,-16.623684596143455,-0.24753564242748152,7.236180904522612,-48.37293026269978,BTC/USDT:USDT,BTCUSDT,60,10,60,15m,3m,15m,1h,1h,legacy_classic,legacy_classic,False,0.1,0.12,0.14,0.1,0.08,0.08,0.12,0.16,0.1,0.58,0.58,2,1.2,2.8,1.0,1.5,1.0,0.5647661590747072,383,254,True,0.001,0.0001,True,55,102,19,174,36,25,52.632003533164905,38.923413482923834,11,50,0.9558174028236979,0.7433825041507964,2.6358668752073204,2.045673190194675,0.7205303359533208,3.4584830102955415,1.8942665929187226
legacy_classic,1,0.0,-0.11703850206370309,0.0,-2407.4446332003004,0.0,1440.0,-5056.063289151974,BTC/USDT:USDT,BTCUSDT,60,10,60,30m,5m,15m,4h,5m,legacy_classic,legacy_classic,False,0.1,0.12,0.14,0.1,0.08,0.08,0.12,0.16,0.1,0.58,0.58,2,1.2,2.8,1.0,1.5,1.0,0.27917467234551513,110,210,True,0.001,0.0001,True,51,191,80,181,111,29,51.3896115471816,30.22773370159662,20,83,0.7304791034700613,0.8298748904247355,2.2834463933091627,3.0437266095854354,2.835948245848731,1.5924795474479418,0.9215150843824231
legacy_classic,2,0.0,-0.17661334947826207,0.0,-12.47011520937659,-0.09702666554593549,6.371681415929204,-16.879859950134783,BTC/USDT:USDT,BTCUSDT,60,10,60,5m,5m,3m,15m,1h,legacy_classic,legacy_classic,True,0.1,0.12,0.14,0.1,0.08,0.08,0.12,0.16,0.1,0.58,0.58,2,1.2,2.8,1.0,1.5,1.0,0.261222660497702,172,123,True,0.001,0.0001,True,76,220,36,68,40,26,59.424601114072374,32.787232017172954,24,33,0.73964847769596,0.44463757415174243,3.1391644497277786,2.6620312560085537,1.6914144241652338,2.5318051356565325,2.1079639405189865
legacy_classic,2,0.0,-0.240962042381809,0.0,-13.602399594163188,-0.13182820592391864,7.076167076167076,-25.576315063621983,BTC/USDT:USDT,BTCUSDT,60,10,60,30m,1m,5m,4h,15m,legacy_classic,legacy_classic,False,0.1,0.12,0.14,0.1,0.08,0.08,0.12,0.16,0.1,0.58,0.58,2,1.2,2.8,1.0,1.5,1.0,0.31841288951429764,621,245,True,0.001,0.0001,True,42,172,11,85,134,16,50.66854682716913,40.58675366078865,9,25,0.7318119369388815,0.6768303554119758,2.7904538619397137,4.377544668228762,1.1975437630282673,1.291019870755991,2.4832849570866293
